,uni_admssn_year,Gender,Age,hsc_pass_year,currnt_sem,merit_scholarship,use_uni_transport,study_hour/day,learning_mode,has_smart_phone,has_PC,social_media_time,english_skill,avg_attendance,probation,suspension,faculty_consultency,relation_sts,co_curri_act,living_sts,sgpa,phy_disb,cgpa,comp_cred,Student_status
0,2018,1,24,2016,12,1,0,3,1,1,1,5,1,90,0,0,1,0,1,0,2.81,0,3.3,77,2
1,2021,1,22,2020,4,1,1,3,0,1,1,3,0,96,1,0,0,0,1,1,2.81,0,3.3,77,3
2,2020,0,21,2019,5,0,0,3,1,1,1,3,1,80,0,0,1,0,0,0,2.81,0,3.3,77,2
3,2021,1,20,2020,4,1,0,1,1,1,1,2,1,88,0,0,1,0,0,0,2.81,0,3.3,77,2
4,2021,1,22,2019,4,1,0,3,0,1,1,2,1,80,0,0,1,1,0,0,2.81,0,3.3,77,2
5,2021,1,20,2020,4,1,1,2,1,1,1,1,1,95,0,0,1,0,1,1,2.81,0,3.3,77,3
6,2021,1,22,2018,4,1,0,2,0,1,1,2,1,80,0,0,0,0,0,0,2.81,0,3.3,77,2
7,2021,0,22,2019,4,1,0,2,1,1,1,2,0,100,1,0,1,0,0,0,3.8,0,3.64,35,3
8,2021,1,20,2020,4,1,0,3,1,1,1,2,1,90,0,0,0,0,0,0,2.81,0,3.3,77,3
9,2021,0,22,2020,4,1,1,5,1,1,1,2,1,100,0,0,1,0,0,1,2.81,0,3.3,77,3
10,2021,1,22,2019,4,1,1,3,0,1,1,3,1,90,0,0,1,0,1,1,2.81,0,3.3,77,3
11,2021,1,22,2019,4,0,0,3,1,1,1,2,0,90,0,0,0,0,0,0,3.4,0,3.53,35,3
12,2021,0,22,2020,4,0,1,1,1,1,1,1,0,100,0,0,1,0,0,1,2.81,0,3.3,77,2
13,2021,0,21,2019,4,1,0,3,1,1,1,1,1,90,0,0,0,0,0,0,2.81,0,3.3,77,3
14,2021,0,21,2018,4,0,1,2,1,1,1,1,0,97,0,0,0,0,0,1,2.81,0,3.3,77,3
15,2021,1,20,2020,4,1,1,2,1,1,1,1,0,95,0,0,1,0,1,1,3.93,0,3.89,35,3
16,2021,1,22,2019,4,1,1,5,0,1,1,1,1,95,0,0,1,0,1,1,2.81,0,3.3,77,3
17,2021,0,21,2020,4,1,0,5,1,1,1,2,0,97,0,0,0,0,0,1,2.81,0,3.3,77,3
18,2021,1,21,2020,4,1,0,1,0,1,1,3,2,70,0,0,1,1,0,1,3.1,0,3.5,35,1
19,2021,1,19,2020,4,0,1,3,0,1,1,2,1,70,1,0,1,0,0,1,2.81,0,3.3,77,1
20,2021,0,21,2019,4,1,0,3,1,1,1,2,1,96,0,0,1,0,1,0,3.81,0,3.65,34,3
21,2021,1,21,2020,4,1,0,3,1,1,1,2,1,80,1,0,0,0,0,0,2.81,0,3.3,77,2
22,2021,1,22,2020,4,1,0,2,1,1,1,2,1,98,0,0,1,0,1,0,2.81,0,3.3,77,3
23,2020,0,21,2019,4,0,1,6,1,1,1,3,1,95,0,0,0,0,1,1,2.81,0,3.3,77,3
24,2021,1,21,2020,4,1,1,1,0,1,1,1,2,85,0,0,1,0,1,0,3.89,0,3.81,35,2
25,2021,0,20,2020,4,0,0,3,1,1,1,1,0,97,0,0,1,0,0,1,3.79,0,3.82,39,4
26,2021,1,20,2020,4,0,0,4,1,1,0,3,0,95,0,0,0,0,1,0,2.81,0,3.3,77,3
27,2021,1,19,2020,4,1,1,2,0,1,1,4,1,70,1,0,1,0,1,1,3.55,0,3.48,35,1
28,2021,1,21,2020,4,1,1,2,0,1,1,2,1,95,0,0,1,0,1,0,3.28,0,3.32,35,3
29,2021,1,25,2020,4,1,0,3,1,1,1,2,1,100,0,0,1,0,1,0,2.81,0,3.3,77,3
30,2022,1,20,2020,2,1,1,3,0,1,1,4,1,90,0,0,1,0,0,1,2.81,0,3.3,77,3
31,2022,1,20,2020,2,1,1,4,1,1,1,2,1,95,0,0,1,0,1,1,2.81,0,3.3,77,3
32,2022,1,21,2021,2,0,0,5,1,1,1,2,1,90,0,0,0,0,0,0,2.81,0,3.3,77,3
33,2021,1,23,2018,4,1,0,8,1,1,1,2,1,100,0,0,0,0,1,0,2.81,0,3.3,77,3
34,2022,1,20,2020,2,1,1,1,1,1,1,2,0,95,0,0,0,0,1,1,2.81,0,3.3,77,2
35,2022,0,20,2020,2,1,1,3,0,1,0,1,1,80,0,0,0,0,1,1,2.81,0,3.3,77,2
36,2022,0,21,2019,2,1,0,2,1,1,1,3,0,99,0,0,1,0,0,0,2.81,0,3.3,77,3
37,2019,1,24,2016,11,0,0,2,0,1,1,5,0,70,1,0,1,0,0,0,2.81,0,3.3,77,1
38,2022,0,20,2020,2,1,1,4,1,1,1,4,1,100,0,0,1,0,0,1,2.81,0,3.3,77,3
39,2021,0,22,2019,2,1,1,5,1,1,1,3,2,98,0,0,1,0,1,0,2.81,0,3.3,77,3
40,2022,1,20,2020,2,1,0,5,1,1,1,6,0,100,0,0,1,0,0,0,2.81,0,3.3,77,1
41,2022,1,21,2020,2,0,0,3,1,1,1,2,0,97,0,0,1,0,1,0,2.81,0,3.3,77,3
42,2022,1,21,2020,2,1,1,3,1,1,1,1,0,98,0,0,1,0,0,0,2.81,0,3.3,77,3
43,2022,1,19,2020,2,1,1,5,0,1,1,6,1,90,0,0,1,0,1,1,2.81,0,3.3,77,1
44,2022,1,19,2020,2,1,1,4,0,1,1,2,1,90,0,0,1,0,1,1,2.81,0,3.3,77,3
45,2022,1,19,2020,2,1,0,4,1,1,1,1,0,95,0,0,1,0,0,0,2.81,0,3.3,77,3
46,2022,1,20,2020,2,1,0,5,1,1,1,3,1,95,0,0,1,0,1,1,2.81,0,3.3,77,3
47,2022,1,19,2020,2,1,1,1,0,1,1,1,1,90,0,0,0,0,1,1,2.81,0,3.3,77,2
48,2021,0,20,2020,4,0,0,2,1,1,1,3,0,99,0,0,0,0,0,1,3.78,0,3.88,35,3
49,2022,1,20,2020,2,1,0,7,1,1,1,5,0,90,0,0,1,0,0,1,2.81,0,3.3,77,2
50,2022,1,21,2020,2,1,1,2,0,1,1,3,1,90,0,0,0,0,0,1,2.81,0,3.3,77,3
51,2022,1,21,2020,2,1,1,2,1,1,1,2,1,88,0,0,0,0,1,1,4.0,0,4.0,11,3
52,2022,1,21,2020,2,1,1,5,1,1,1,1,1,95,0,0,1,0,1,1,2.81,0,3.3,77,3
53,2022,1,20,2020,2,1,0,3,1,1,1,2,1,100,0,0,0,0,0,1,3.9,0,3.9,12,4
54,2022,1,20,2020,2,1,1,2,1,1,1,1,0,100,0,0,1,0,0,1,2.81,0,3.3,77,3
55,2022,1,22,2020,2,0,1,1,0,1,1,6,0,80,0,0,1,0,1,1,2.81,0,3.3,77,1
56,2021,1,20,2020,2,1,0,1,1,1,1,2,1,100,0,0,0,0,0,1,2.81,0,3.3,77,2
57,2021,0,20,2020,2,1,1,1,1,1,1,1,1,98,0,0,0,0,1,1,2.81,0,3.3,77,2
58,2022,1,20,2020,2,1,1,4,0,1,1,3,1,85,0,0,1,0,0,1,2.81,0,3.3,77,3
59,2021,0,20,2020,2,1,1,2,1,1,1,4,1,99,0,0,0,0,1,1,2.81,0,3.3,77,3
60,2022,1,20,2020,2,1,1,1,1,1,1,4,1,75,0,0,1,0,0,1,2.81,0,3.3,77,2
61,2021,1,21,2020,4,1,1,3,1,1,1,4,1,85,0,0,1,1,0,0,2.81,0,3.3,77,3
62,2019,1,23,2017,11,0,1,1,1,1,1,2,1,100,0,0,0,0,1,0,2.81,0,3.3,77,2
63,2020,1,21,2019,8,1,0,3,1,1,1,5,1,95,0,0,1,0,0,0,3.84,0,3.8,80,2
64,2020,1,21,2019,8,0,1,3,1,1,1,2,2,95,0,0,1,0,1,0,2.81,0,3.3,77,3
65,2018,1,24,2016,12,1,0,2,1,1,1,4,1,70,0,0,1,0,1,0,3.31,0,3.52,132,1
66,2020,1,22,2019,8,0,0,3,0,1,1,4,1,100,0,0,1,0,0,0,2.81,0,3.3,77,3
67,2022,0,21,2020,2,1,0,3,0,1,1,2,2,95,0,0,1,0,0,1,2.81,0,3.3,77,3
68,2022,1,20,2020,2,0,0,3,1,1,1,2,1,100,0,0,1,1,0,0,2.81,0,3.3,77,3
69,2020,0,21,2019,8,1,1,3,1,1,1,2,0,80,0,0,1,0,0,1,2.81,0,3.3,77,2
70,2022,1,21,2020,2,0,0,8,0,1,1,1,0,100,0,0,1,0,1,0,2.81,0,3.3,77,3
71,2020,1,23,2018,8,1,1,2,0,1,1,1,1,90,0,0,1,0,0,1,2.81,0,3.3,77,3
72,2022,1,20,2020,2,1,1,4,1,1,1,1,1,95,0,0,1,0,1,1,2.81,0,3.3,77,3
73,2020,0,21,2019,8,0,1,1,0,1,1,2,1,95,0,0,0,0,0,1,2.81,0,3.3,77,2
74,2018,0,24,2017,12,0,1,2,1,1,1,3,1,80,1,0,1,3,1,1,2.81,0,3.3,77,2
75,2020,1,22,2019,8,0,0,3,0,1,1,1,1,100,0,0,0,0,1,0,2.81,0,3.3,77,3
76,2020,1,21,2019,8,0,1,4,1,1,1,2,0,95,0,0,1,0,0,0,2.81,0,3.3,77,3
77,2022,0,20,2020,2,1,1,5,1,1,0,2,0,99,0,0,1,0,1,1,2.81,0,3.3,77,3
78,2022,0,20,2019,2,1,1,4,1,1,1,4,0,100,0,0,1,2,0,1,2.81,0,3.3,77,3
79,2020,0,20,2019,8,1,0,1,1,1,1,5,1,80,0,0,1,3,0,0,3.49,0,3.67,71,2
80,2020,1,21,2019,8,0,0,4,0,1,1,2,1,100,0,0,1,0,0,0,3.07,0,2.74,85,3
81,2019,1,21,2019,8,0,1,3,1,1,1,6,1,85,0,0,1,0,0,1,2.81,0,3.3,77,1
82,2019,0,21,2019,8,0,1,3,1,1,1,1,1,95,0,0,1,0,0,1,3.76,0,3.5,83,3
83,2020,1,22,2019,8,0,1,3,1,0,1,1,1,98,0,0,0,0,0,1,2.7,0,2.8,80,2
84,2020,1,22,2019,8,0,0,2,1,1,1,2,1,95,0,0,0,0,0,0,2.81,0,3.3,77,3
85,2020,1,23,2017,8,0,1,1,0,1,1,1,1,99,0,0,1,0,1,1,2.81,0,3.3,77,2
86,2020,1,23,2017,8,1,1,2,0,1,1,1,1,96,0,0,0,0,1,1,2.81,0,3.3,77,3
87,2022,1,21,2020,2,0,1,3,1,1,1,1,1,95,0,0,1,0,1,1,3.65,0,3.3,11,3
88,2020,1,22,2019,8,0,1,1,1,1,1,6,1,100,0,0,1,1,0,1,2.81,0,3.3,77,1
89,2020,0,21,2019,8,0,0,2,1,1,1,2,0,80,0,0,0,0,0,1,2.81,0,3.3,77,2
90,2020,1,20,2019,8,1,1,2,0,1,1,3,0,95,0,0,0,0,0,0,2.81,0,3.3,77,3
91,2021,1,21,2020,2,1,1,4,1,1,1,2,1,88,0,0,1,0,1,0,2.81,0,3.3,77,3
92,2019,1,23,2018,11,1,0,6,1,1,1,3,1,100,0,0,0,0,1,0,3.84,0,3.1,73,3
93,2022,0,20,2020,2,0,0,2,1,1,1,6,1,80,1,0,0,0,0,0,2.81,0,3.3,77,1
94,2018,0,24,2016,10,0,1,2,0,1,1,4,0,90,1,0,0,0,0,1,2.81,0,3.3,77,3
95,2022,0,21,2020,2,1,0,2,1,1,1,1,0,100,0,0,1,2,1,0,2.81,0,3.3,77,3
96,2021,1,20,2020,4,1,1,2,1,1,1,2,2,82,0,0,1,1,0,0,2.81,0,3.3,77,2
97,2021,1,22,2020,4,1,1,1,1,1,1,1,1,90,0,0,0,0,0,1,2.81,0,3.3,77,2
98,2021,1,20,2019,5,0,0,3,1,1,1,1,1,98,0,0,0,0,1,0,2.81,0,3.3,77,3
99,2019,1,23,2017,11,0,1,3,0,1,1,1,1,85,1,0,1,0,0,0,2.81,0,3.3,77,3
100,2020,0,21,2019,8,0,1,4,1,1,1,3,1,90,0,0,1,0,0,1,2.81,0,3.3,77,3
101,2022,0,20,2020,2,1,1,2,1,1,1,5,1,90,0,0,1,0,0,1,2.81,0,3.3,77,2
102,2020,0,22,2019,8,1,0,3,1,1,1,4,1,90,0,0,1,0,0,0,2.81,0,3.3,77,3
103,2018,1,23,2017,13,0,0,2,1,1,1,6,0,88,1,0,1,1,0,0,2.81,0,3.3,77,1
104,2022,1,20,2020,2,1,0,3,1,1,1,1,0,95,0,0,1,0,0,0,2.81,0,3.3,77,3
105,2021,1,19,2020,4,1,0,1,1,1,0,1,1,95,0,0,1,0,1,1,3.5,0,3.58,35,2
106,2021,1,21,2019,4,1,1,4,1,1,1,1,1,90,0,0,0,0,1,1,3.38,0,3.82,27,4
107,2020,1,21,2019,8,0,0,2,1,1,1,1,1,90,1,1,1,0,0,0,2.81,0,3.3,77,3
108,2019,0,22,2017,10,0,0,9,0,1,1,1,1,88,1,0,0,0,0,0,2.81,0,3.3,77,3
109,2022,0,19,2020,2,1,1,3,1,1,1,2,0,100,0,0,1,0,1,1,2.81,0,3.3,77,3
110,2022,0,22,2022,4,1,0,1,1,1,1,6,0,80,1,0,0,0,0,1,2.81,0,3.3,77,1
111,2021,1,22,2018,4,1,0,3,1,1,1,3,1,80,0,0,1,0,0,0,2.81,0,3.3,77,2
112,2019,0,21,2019,9,0,0,2,1,1,1,3,0,92,1,0,1,0,1,0,1.89,0,2.69,86,1
113,2021,0,19,2020,4,1,0,7,1,1,0,3,2,90,0,0,1,0,1,1,3.7,0,3.77,35,4
114,2022,1,19,2020,2,1,0,4,1,1,1,2,1,95,0,0,1,0,1,1,2.81,0,3.3,77,3
115,2022,1,21,2019,2,1,0,5,1,1,1,3,1,95,0,0,0,0,0,0,2.81,0,3.3,77,3
116,2018,0,22,2017,13,0,1,2,0,1,0,4,0,50,0,0,1,0,0,1,2.81,0,3.3,77,1
117,2017,1,24,2017,15,0,0,1,1,1,1,4,0,100,1,1,1,3,1,0,2.2,0,2.66,110,1
118,2019,1,22,2018,11,1,0,3,1,1,1,3,2,95,1,0,1,0,0,0,2.6,0,2.6,90,2
119,2018,0,22,2017,14,0,1,2,1,1,1,1,1,90,0,0,1,3,0,1,2.7,0,2.91,120,2
120,2021,1,23,2019,5,0,0,4,0,1,1,1,1,95,1,1,1,0,1,1,2.87,0,2.99,120,2
121,2019,1,20,2017,9,0,0,2,1,1,1,4,1,70,1,0,0,0,0,0,2.81,0,3.3,77,1
122,2015,1,23,2012,21,0,1,1,0,1,1,1,1,85,0,0,1,1,1,1,2.81,0,3.3,77,2
123,2019,1,26,2019,9,0,0,3,1,1,1,1,0,99,1,0,0,0,0,0,2.81,1,3.3,77,3
124,2019,1,22,2018,9,0,0,1,0,1,1,1,1,70,0,0,0,0,0,0,2.81,0,3.3,77,1
125,2019,1,23,2018,11,0,1,2,1,1,1,1,1,73,0,0,0,1,1,1,2.7,0,2.92,76,1
126,2019,1,21,2018,11,0,1,2,1,1,1,1,1,100,0,0,1,0,0,1,2.81,0,3.3,77,3
127,2018,1,22,2016,14,0,0,3,0,1,1,1,1,70,1,1,1,0,0,0,2.81,0,3.3,77,1
128,2019,0,23,2018,11,0,1,1,1,1,1,2,0,75,1,0,0,0,0,0,2.98,1,2.96,118,2
129,2021,0,21,2019,2,0,0,5,1,1,1,6,2,80,0,0,1,1,0,1,2.81,0,3.3,77,1
130,2019,0,20,2019,9,1,0,6,1,1,1,2,0,88,0,0,0,0,1,0,2.81,0,3.3,77,3
131,2019,0,21,2019,9,0,0,3,1,1,1,2,1,99,0,0,1,0,0,0,2.81,0,3.3,77,3
132,2020,1,22,2018,8,0,0,4,1,1,1,3,1,100,0,0,0,0,0,0,3.52,0,2.9,100,3
133,2016,1,23,2014,11,1,1,2,1,1,1,3,1,90,0,0,1,0,1,0,3.48,0,3.08,68,3
134,2019,1,25,2018,11,1,1,1,0,1,1,3,2,80,1,0,1,0,1,1,2.81,0,3.3,77,2
135,2020,0,22,2019,6,1,1,2,0,1,1,5,0,90,0,0,0,0,0,1,2.81,0,3.3,77,2
136,2018,1,20,2016,14,0,0,6,0,1,1,2,0,60,1,0,0,0,0,1,2.81,0,3.3,77,1
137,2021,1,25,2019,5,0,0,2,0,1,1,1,2,87,1,0,1,0,1,1,3.16,0,2.68,121,3
138,2021,0,21,2020,4,0,0,2,1,1,1,2,0,80,1,0,1,3,0,1,1.92,0,2.42,39,0
139,2015,1,20,2014,10,0,1,5,1,1,1,6,1,50,0,0,1,0,0,1,2.81,0,3.3,77,1
140,2019,1,27,2018,11,0,1,8,0,1,1,4,0,99,1,0,1,0,0,1,2.81,0,3.3,77,3
141,2022,0,22,2020,2,0,0,3,0,1,1,1,1,99,0,0,1,0,0,0,2.81,0,3.3,77,3
142,2020,1,20,2018,7,0,1,1,1,1,1,5,1,70,0,0,0,0,0,1,2.81,0,3.3,77,1
143,2022,1,22,2020,2,0,1,7,1,1,1,1,0,100,1,0,1,0,0,1,2.81,0,3.3,77,3
144,2018,1,21,2017,13,1,1,2,0,1,1,1,1,75,0,0,1,0,1,1,2.81,0,3.3,77,2
145,2020,1,23,2020,8,0,0,6,1,1,1,6,0,100,1,1,1,0,0,0,2.81,0,3.3,77,1
146,2017,0,23,2015,8,1,0,2,1,1,1,1,1,100,0,0,1,0,0,0,2.81,0,3.3,77,3
147,2022,0,25,2020,2,0,0,4,1,1,1,2,1,88,0,0,1,3,0,1,2.81,0,3.3,77,3
148,2021,0,20,2020,4,0,1,2,1,1,0,2,1,80,0,0,1,0,0,0,2.81,0,3.3,77,2
149,2015,1,21,2014,22,1,1,2,1,1,1,3,2,80,0,0,1,1,1,1,2.81,0,3.3,77,2
150,2019,0,26,2018,11,0,1,5,0,1,1,3,1,90,1,1,0,3,1,1,2.81,0,3.3,77,3
151,2019,1,23,2018,11,0,1,3,1,1,1,3,1,100,0,0,1,0,0,0,3.29,0,3.23,114,3
152,2017,0,22,2017,12,0,1,2,1,1,1,1,1,100,0,0,1,0,1,1,2.81,0,3.3,77,3
153,2017,1,23,2017,15,0,0,3,1,1,1,3,2,80,1,0,1,0,0,0,2.81,0,3.3,77,2
154,2020,1,24,2019,8,0,0,4,0,1,1,1,2,100,1,0,1,0,0,0,2.81,0,3.3,77,3
155,2019,0,21,2018,9,0,0,3,1,1,1,5,1,80,0,0,0,0,1,1,2.81,0,3.3,77,2
156,2022,0,22,2020,2,0,1,3,1,1,1,3,0,90,1,0,0,3,0,0,2.0,0,2.22,77,0
157,2019,1,19,2018,10,1,1,5,1,1,1,3,0,80,0,0,1,0,0,1,2.81,0,3.3,77,2
158,2019,0,21,2017,10,0,0,3,1,1,1,2,1,90,1,0,1,0,0,0,3.3,0,3.24,105,3
159,2019,1,23,2018,9,0,1,1,0,1,1,6,0,90,0,0,1,0,0,0,2.81,0,3.3,77,1
160,2018,1,21,2017,12,0,0,4,0,1,1,2,1,97,0,0,1,0,0,0,3.01,0,2.76,79,3
161,2019,1,23,2018,9,0,0,3,1,1,1,3,1,95,0,0,1,0,0,0,2.81,0,3.3,77,3
162,2018,1,22,2017,12,0,0,3,1,1,1,2,0,80,0,0,1,0,0,0,3.2,0,3.3,103,2
163,2022,0,23,2020,2,0,0,4,0,1,1,6,2,90,1,0,1,0,1,1,2.81,0,3.3,77,1
164,2018,0,20,2015,12,1,0,1,1,1,1,1,0,90,0,0,1,0,0,0,2.81,0,3.3,77,2
165,2022,1,25,2020,2,1,0,3,1,0,1,4,1,90,0,0,0,0,0,0,2.81,0,3.3,77,3
166,2020,1,20,2018,7,1,1,3,1,1,1,4,1,40,0,0,1,0,1,1,2.81,0,3.3,77,0
167,2020,0,23,2018,8,0,1,4,1,1,1,2,0,90,1,1,1,3,1,1,2.4,0,2.4,70,0
168,2021,1,23,2020,4,0,0,4,0,1,1,2,1,90,0,0,0,0,1,0,2.81,0,3.3,77,3
169,2019,1,22,2018,9,1,1,8,1,1,1,3,1,90,0,0,0,0,1,1,2.16,0,2.75,35,1
170,2020,1,22,2018,8,1,0,5,1,1,1,2,1,50,0,0,1,0,0,0,2.81,0,3.3,77,1
171,2021,1,23,2020,5,1,1,5,1,0,1,2,1,97,1,0,1,0,1,0,2.81,0,3.3,77,3
172,2021,1,21,2020,5,0,0,2,1,0,1,3,1,80,1,0,1,0,0,0,2.81,0,2.31,46,2
173,2020,0,20,2019,8,0,1,4,1,1,1,4,0,90,0,0,0,0,0,1,1.75,1,2.51,39,1
174,2020,0,22,2018,8,0,0,2,1,1,0,4,1,90,0,0,1,0,0,1,2.81,0,3.3,77,3
175,2022,1,22,2019,2,0,0,3,1,1,1,1,1,92,1,0,0,0,0,0,2.81,0,3.3,77,3
176,2019,0,22,2018,8,1,0,6,0,1,1,2,0,100,0,1,1,0,0,1,2.81,0,3.3,77,3
177,2020,0,21,2019,8,0,0,2,0,1,1,4,1,88,0,0,0,0,1,0,2.81,0,3.3,77,3
178,2022,0,21,2020,1,1,1,1,1,1,1,6,0,95,0,0,0,0,0,1,2.81,0,3.3,77,1
179,2020,1,19,2018,8,1,1,3,1,1,1,2,1,98,0,0,0,0,1,1,2.81,0,3.3,77,3
180,2021,0,20,2020,4,0,0,7,1,1,1,1,2,90,0,0,1,0,0,1,2.6,0,2.81,75,2
181,2021,1,20,2017,4,1,0,3,1,1,1,2,1,90,0,0,0,1,0,0,3.33,0,3.5,33,3
182,2021,1,24,2020,2,0,0,6,1,1,1,2,1,100,0,0,0,1,1,0,4.0,0,3.92,34,4
183,2019,1,22,2018,11,1,1,1,1,1,1,1,0,100,0,0,1,0,1,1,3.25,0,3.25,11,2
184,2022,1,22,2020,2,1,0,1,1,1,1,2,0,85,0,0,1,0,1,1,3.46,0,3.1,102,2
185,2014,1,19,2014,22,1,0,3,1,1,1,1,1,100,0,0,0,0,0,0,3.73,0,3.73,11,3
186,2019,1,26,2017,11,0,1,2,0,1,1,5,0,80,1,0,1,0,0,1,2.0,0,2.0,80,0
187,2017,1,25,2015,15,1,1,6,1,1,1,1,1,100,0,0,1,0,1,0,3.78,0,3.56,132,3
188,2018,1,24,2017,14,1,1,4,1,1,1,5,1,95,0,0,1,0,1,1,3.42,0,3.02,136,2
189,2022,0,21,2020,2,0,0,2,0,1,1,3,2,90,1,0,1,0,0,0,3.5,0,3.2,122,3
190,2022,1,21,2020,2,1,0,2,1,1,1,2,1,70,0,0,1,0,1,0,3.26,0,3.26,11,1
191,2019,0,21,2018,9,1,1,2,1,1,1,5,0,95,1,0,0,0,0,1,3.9,0,3.8,12,2
192,2019,0,21,2018,11,1,1,3,0,1,1,3,1,100,0,0,0,0,0,1,3.7,0,3.68,105,3
193,2019,0,22,2018,11,0,0,5,1,1,1,5,1,99,0,0,0,0,0,0,3.82,0,3.65,78,2
194,2016,0,21,2016,18,1,0,2,1,1,1,3,2,95,0,0,0,0,1,1,3.85,0,3.72,126,3
195,2022,1,24,2020,2,0,1,2,1,1,1,6,2,90,1,0,1,3,1,0,3.1,0,2.84,133,1
196,2019,0,20,2017,9,1,0,3,0,1,0,1,1,80,0,0,1,0,0,0,2.67,0,2.67,12,2
197,2022,0,23,2020,2,0,1,4,1,1,1,2,1,100,0,0,0,0,0,0,3.82,0,3.6,84,3
198,2019,1,20,2018,10,1,1,2,1,1,1,2,0,90,0,0,0,0,1,1,3.72,0,3.72,11,3
199,2020,0,21,2018,8,0,1,8,1,1,1,4,1,90,0,0,1,0,0,1,3.51,0,3.56,125,3
200,2019,1,22,2018,11,0,0,3,0,1,0,6,1,90,0,0,1,0,0,0,3.48,0,3.35,75,1
201,2019,1,22,2018,11,0,0,6,1,1,1,2,0,100,0,0,1,0,0,0,2.65,0,2.99,121,2
202,2021,1,22,2018,2,0,1,3,0,1,1,3,1,85,0,0,1,1,1,0,3.72,0,3.42,131,3
203,2019,1,23,2017,10,1,0,2,0,1,0,1,0,95,1,0,1,0,0,0,1.96,0,1.96,11,0
204,2018,0,23,2017,14,1,1,7,1,1,1,2,2,80,0,0,1,3,1,1,3.38,0,3.6,120,2
205,2019,1,23,2018,9,0,1,5,0,1,1,4,1,100,1,0,0,1,1,1,2.8,0,2.8,130,2
206,2020,0,21,2028,8,0,0,2,0,1,1,4,1,85,0,0,1,0,0,1,3.36,0,3.59,100,3
207,2017,1,22,2016,15,0,0,1,1,1,1,2,1,90,0,0,1,0,0,0,3.33,0,3.1,80,2
208,2021,1,25,2020,4,0,0,1,0,1,1,6,1,52,1,0,1,0,1,1,2.11,1,2.54,126,1
209,2021,1,21,2019,4,0,0,3,1,1,1,4,0,88,0,0,1,0,0,1,2.83,0,3.05,37,2
210,2019,1,21,2018,11,1,1,6,0,1,1,6,1,98,1,0,0,0,1,1,2.2,0,2.2,30,0
211,2019,1,23,2014,10,0,1,4,1,1,1,1,1,70,0,0,1,0,1,1,3.2,0,3.22,110,1
212,2022,1,26,2020,2,0,0,5,1,1,1,2,1,100,1,0,1,0,1,0,2.81,0,3.2,104,3
213,2022,1,20,2020,2,0,0,5,1,0,1,6,0,90,0,0,0,0,1,0,3.48,0,3.48,11,1
214,2022,0,20,2020,1,1,0,2,1,1,1,6,1,100,0,0,0,0,0,1,4.0,0,4.0,11,1
215,2019,1,20,2017,9,1,1,4,1,1,1,6,0,90,1,0,0,0,0,1,4.0,0,4.0,14,1
216,2022,1,23,2020,1,1,1,3,1,1,1,6,1,100,0,0,0,0,0,0,3.7,0,3.5,89,1
217,2022,0,21,2020,1,1,1,5,1,1,1,2,1,95,0,0,0,0,0,1,3.68,0,3.68,11,3
218,2018,1,21,2016,12,1,0,4,1,1,1,2,1,88,0,0,0,0,0,0,3.3,0,3.3,11,3
219,2019,1,22,2018,11,0,0,2,0,1,1,3,1,90,0,0,1,0,1,0,3.85,0,3.1,115,3
220,2018,1,21,2018,12,1,0,4,0,1,1,1,1,97,0,0,1,0,0,0,4.0,0,3.78,120,4
221,2020,0,24,2018,8,0,0,5,1,1,1,6,1,100,0,0,0,0,1,1,2.98,0,2.91,136,1
222,2022,0,22,2020,2,1,1,6,1,1,1,1,2,95,0,0,0,0,1,1,3.64,0,3.75,88,4
223,2019,0,19,2018,11,1,0,1,1,1,1,2,1,65,0,0,0,0,0,0,3.56,0,3.58,11,1
224,2022,1,23,2020,2,0,1,3,1,1,1,5,2,80,0,0,1,1,0,1,1.68,0,3.1,120,2
225,2022,1,20,2020,2,0,1,7,0,1,1,1,0,95,0,0,0,0,0,0,2.54,0,2.54,11,2
226,2019,1,20,2019,9,0,0,6,1,1,1,3,0,90,0,0,0,0,0,0,3.9,0,3.9,11,4
227,2019,0,22,2018,10,1,1,1,1,1,1,1,0,70,0,0,1,0,0,1,3.84,0,3.77,99,1
228,2018,1,22,2016,9,1,1,2,1,1,1,2,1,95,0,0,1,0,1,0,3.68,0,3.39,117,3
229,2019,0,23,2018,11,1,1,4,1,1,1,4,2,95,0,0,0,0,0,1,3.14,0,3.14,101,3
230,2017,1,23,2014,17,0,0,3,1,1,1,1,1,95,0,0,1,0,0,0,3.69,0,3.23,125,3
231,2019,1,26,2018,11,0,0,2,0,1,1,1,1,80,0,0,1,0,0,0,2.73,0,3.08,110,2
232,2022,1,24,2020,2,0,0,5,0,1,1,6,1,75,0,0,0,0,0,0,3.48,0,3.0,123,1
233,2018,1,20,2018,12,1,1,1,0,1,1,2,1,88,0,0,1,0,1,1,2.61,0,2.61,11,2
234,2020,1,23,2019,8,0,0,2,1,1,1,3,1,85,1,0,1,0,1,0,2.8,0,2.68,84,2
235,2018,1,23,2017,12,0,0,5,1,1,1,1,0,90,1,0,1,0,0,0,1.52,0,2.15,70,0
236,2019,1,22,2018,11,0,0,4,1,1,1,1,1,85,0,0,1,0,1,0,3.12,0,3.08,83,3
237,2019,1,24,2018,11,0,0,1,1,1,1,1,1,90,0,0,1,1,0,1,3.68,0,3.33,118,2
238,2020,1,24,2019,8,1,0,2,0,1,0,1,1,90,1,1,1,0,0,1,2.25,0,2.64,103,1
239,2022,1,22,2020,2,1,0,1,0,1,1,4,1,99,0,0,1,1,0,1,3.5,0,3.43,126,2
240,2021,1,19,2020,2,1,0,3,0,1,1,2,0,98,0,0,0,0,0,0,3.36,0,3.72,88,3
241,2022,1,20,2021,1,1,0,3,1,1,1,3,1,88,0,0,0,0,0,1,3.83,0,3.83,11,3
242,2017,1,22,2016,14,0,1,3,0,1,1,3,1,90,0,0,1,0,0,1,1.98,0,2.98,104,2
243,2021,0,19,2019,3,0,1,5,1,1,1,2,1,95,0,0,0,0,0,1,3.37,1,3.37,11,3
244,2021,0,23,2020,5,0,0,3,0,1,1,6,0,70,0,0,1,3,0,1,2.79,0,2.84,133,1
245,2021,1,21,2020,3,1,0,2,1,1,1,3,1,90,0,0,1,0,1,0,3.52,0,3.65,23,3
246,2021,1,21,2020,4,1,1,3,0,1,1,3,1,85,0,0,1,0,0,1,3.85,0,3.79,35,3
247,2021,0,23,2020,3,1,0,2,0,1,1,3,2,95,1,0,0,3,1,0,3.01,0,2.89,120,3
248,2021,0,20,2017,5,1,0,3,1,1,1,2,2,90,0,0,1,1,0,1,3.18,0,3.18,24,3
249,2021,1,19,2020,5,1,1,6,1,1,1,2,1,90,0,0,1,0,1,0,3.72,0,3.89,26,4
250,2021,0,21,2019,3,1,1,2,0,1,0,2,1,75,0,0,1,0,0,1,2.8,0,2.9,40,2
251,2021,1,21,2020,5,1,0,5,0,1,1,2,0,98,0,0,1,0,0,1,3.42,0,3.56,23,3
252,2021,1,20,2020,3,1,0,5,1,1,1,2,0,95,0,0,0,0,0,0,2.49,0,3.03,25,2
253,2022,0,19,2019,2,0,1,3,1,1,1,3,1,80,0,0,1,0,0,1,2.8,0,3.3,23,2
254,2020,0,22,2018,6,1,1,1,1,1,1,2,1,90,0,0,1,0,0,1,3.86,0,3.67,49,2
255,2021,1,20,2020,3,1,1,1,1,1,1,1,2,95,0,0,1,0,0,1,2.8,0,3.03,23,2
256,2022,1,21,2020,2,1,1,7,0,1,1,3,1,60,0,0,0,0,1,1,3.82,0,3.7,55,1
257,2021,1,21,2020,3,1,0,3,0,1,1,2,1,70,0,0,1,0,0,1,3.58,0,3.1,23,1
258,2015,1,21,2015,14,0,0,2,1,1,1,3,1,80,0,0,1,0,0,0,2.57,0,2.8,45,2
259,2021,1,22,2020,3,1,0,4,1,1,1,1,2,99,0,0,1,0,1,0,3.86,0,3.92,23,4
260,2019,1,22,2018,11,0,0,2,1,1,1,1,1,87,0,0,1,0,1,0,4.0,0,4.0,11,3
261,2021,0,20,2019,3,1,1,1,1,1,1,3,1,50,0,0,0,0,1,1,2.81,0,3.3,0,1
262,2020,1,23,2019,7,0,0,2,0,1,1,1,1,80,1,0,0,0,1,0,3.1,0,3.4,65,2
263,2021,1,20,2020,3,1,0,2,1,1,1,1,0,90,0,0,1,0,0,1,3.68,0,3.65,24,3
264,2019,0,21,2019,3,1,1,2,1,1,1,1,0,88,0,0,1,0,0,1,3.4,0,3.4,11,3
265,2021,1,20,2020,3,1,1,4,1,1,1,5,2,95,0,0,1,0,0,1,2.45,0,2.95,25,2
266,2022,0,25,2020,1,0,1,1,1,1,1,2,1,100,1,0,1,3,0,1,2.4,0,2.89,130,2
267,2022,0,20,2020,2,1,1,5,1,1,1,3,1,90,0,0,1,3,1,1,3.47,0,3.2,23,3
268,2021,1,21,2019,3,0,1,3,1,1,1,1,1,90,0,0,0,0,0,0,2.53,0,3.05,115,2
269,2021,0,23,2020,4,1,1,1,1,1,0,3,0,90,1,0,1,0,1,1,2.56,0,2.72,26,2
270,2021,1,20,2020,2,0,0,3,0,1,1,1,0,99,1,0,0,0,1,1,2.36,0,2.56,65,1
271,2018,0,20,2017,14,1,1,1,0,1,1,2,1,80,0,0,1,0,0,0,3.19,1,2.73,24,2
272,2021,1,21,2020,3,0,0,2,0,1,1,3,0,85,1,1,1,0,0,0,2.11,1,2.13,25,0
273,2021,0,22,2020,5,0,1,2,1,1,1,3,0,95,0,0,0,0,0,1,3.1,0,3.07,107,3
274,2022,1,21,2020,2,1,0,2,1,1,1,3,1,98,0,0,0,0,1,0,3.28,0,3.0,25,3
275,2022,0,21,2020,2,1,1,9,1,1,1,6,0,70,0,0,0,0,0,1,2.81,0,3.3,11,1
276,2021,1,20,2020,3,1,0,1,1,1,1,2,0,85,0,0,1,0,1,0,3.6,0,3.6,14,2
277,2021,0,21,2020,3,1,0,2,1,1,1,3,1,100,0,0,1,0,0,0,3.75,0,3.7,24,3
278,2021,1,20,2017,3,0,0,2,0,1,1,1,1,70,0,0,0,0,1,1,3.85,0,3.92,34,1
279,2021,0,20,2020,3,1,1,2,1,1,1,5,0,80,0,0,0,0,0,1,2.68,0,2.68,23,2
280,2016,0,21,2016,19,1,0,1,0,1,1,2,1,100,0,0,1,0,0,0,3.18,0,3.18,11,2
281,2021,0,24,2019,3,1,0,2,1,1,1,5,1,100,0,0,1,3,0,1,3.39,0,3.4,128,2
282,2022,0,20,2020,1,0,0,4,0,1,1,2,1,100,0,0,1,0,0,0,2.98,0,3.38,25,3
283,2021,0,21,2020,3,0,0,5,1,1,1,6,1,95,1,0,0,0,0,1,3.7,0,3.3,23,1
284,2019,0,23,2018,9,0,1,1,1,1,1,3,2,70,1,0,1,3,0,1,3.25,0,2.95,130,1
285,2020,1,19,2018,6,0,1,1,0,1,1,3,0,80,0,0,0,0,0,1,3.03,0,3.21,25,2
286,2021,0,22,2020,4,0,0,2,1,1,1,3,1,98,0,0,0,0,0,0,3.1,0,3.18,48,3
287,2018,0,21,2018,12,1,1,3,1,1,1,2,1,100,0,0,1,0,0,1,3.7,0,3.7,12,3
288,2021,1,21,2020,3,1,1,3,1,1,1,4,1,100,1,0,1,0,1,1,4.0,0,4.0,12,3
289,2021,1,19,2020,3,1,1,3,1,1,1,2,1,100,0,0,1,0,1,0,3.18,0,3.45,23,3
290,2021,0,19,2020,3,1,1,3,1,1,1,1,0,100,0,0,1,0,0,1,3.61,0,3.74,25,3
291,2021,1,22,2020,3,1,0,1,0,1,1,1,1,95,0,0,0,0,0,1,3.01,0,3.22,23,2
292,2019,0,21,2019,9,0,1,3,1,1,1,2,0,80,0,0,0,0,0,1,3.26,0,3.36,23,2
293,2022,1,25,2020,2,1,0,3,1,1,1,2,1,100,0,0,0,0,1,0,3.6,0,3.72,130,3
294,2020,1,20,2017,8,0,0,1,1,1,1,4,0,70,0,0,0,0,0,0,3.12,0,3.01,23,1
295,2021,0,20,2020,3,1,0,2,1,1,1,6,0,90,0,0,1,0,1,0,5.0,0,3.93,11,1
296,2021,1,20,2020,3,1,0,3,0,1,1,4,2,77,1,0,0,0,1,0,3.0,0,3.55,23,2
297,2022,1,24,2021,2,0,0,3,0,1,1,5,0,100,1,0,1,0,1,1,1.61,0,2.44,40,0
298,2021,1,22,2020,3,1,1,0,0,1,1,6,0,80,0,0,0,0,0,1,2.79,0,3.15,50,0
299,2020,0,22,2019,7,0,0,2,1,1,0,5,1,80,0,0,0,0,0,0,3.83,0,3.4,25,2
300,2021,1,26,2020,3,1,1,2,0,1,1,5,2,80,0,0,1,0,0,1,3.58,0,3.27,130,2
301,2021,0,21,2019,3,1,1,3,1,1,1,6,0,50,0,0,1,0,0,1,3.39,0,3.19,25,1
302,2021,1,20,2020,3,1,0,2,1,1,1,3,1,100,0,0,0,0,0,0,3.38,0,3.37,23,3
303,2021,0,19,2019,3,1,0,2,1,1,1,2,1,90,0,0,1,0,0,0,3.03,0,3.15,23,3
304,2022,1,21,2020,2,1,1,5,1,1,1,2,1,99,0,0,1,0,1,1,3.65,0,3.7,30,3
305,2021,0,22,2019,3,0,1,2,1,1,1,1,1,96,0,0,1,0,0,1,3.18,0,2.69,90,3
306,2020,1,21,2018,7,1,1,2,1,1,1,4,0,80,0,0,1,0,1,1,3.78,0,3.78,11,2
307,2019,1,24,2018,9,1,1,4,1,1,1,2,1,80,0,0,0,1,1,1,2.56,0,3.38,90,2
308,2022,1,20,2020,2,1,0,8,1,0,1,2,0,88,0,0,0,0,0,1,2.94,0,3.1,24,3
309,2021,0,19,2020,3,0,0,3,1,1,1,1,1,100,1,0,1,0,0,1,2.36,0,2.88,23,2
310,2021,1,21,2019,3,1,0,8,0,1,0,1,1,100,0,0,1,0,0,1,3.8,0,3.8,11,4
311,2021,1,22,2019,3,1,0,1,1,1,1,2,0,85,1,0,0,0,0,0,1.53,0,2.43,23,0
312,2022,0,21,2020,3,0,1,4,0,1,1,2,1,100,0,0,1,1,0,1,3.0,0,2.91,90,3
313,2021,0,20,2020,4,0,1,5,1,1,0,1,0,80,0,0,1,0,1,1,2.32,0,2.66,23,1
314,2022,0,22,2020,1,1,0,1,1,1,1,3,1,95,0,0,1,0,1,0,2.89,0,3.37,24,2
315,2021,0,20,2020,4,1,1,6,1,1,1,2,0,97,1,0,0,0,0,1,2.26,0,2.31,20,0
316,2021,0,21,2020,2,1,0,2,1,1,1,3,0,90,0,0,0,0,0,0,3.65,0,3.65,12,3
317,2022,0,22,2019,2,1,1,5,1,1,1,4,1,90,0,0,1,0,0,1,3.03,0,3.02,25,3
318,2020,1,22,2019,8,1,1,3,1,1,1,4,0,100,0,0,1,0,0,0,3.93,0,3.44,53,3
319,2021,0,22,2020,3,0,1,2,1,1,1,1,2,100,0,0,1,0,1,1,3.0,0,3.09,105,3
320,2020,1,20,2020,2,1,1,5,1,1,1,2,0,100,0,0,1,0,1,0,3.45,0,3.45,11,3
321,2021,0,21,2018,3,1,1,1,1,1,1,5,0,90,0,0,1,0,0,1,2.94,0,3.03,23,2
322,2021,1,21,2021,3,1,1,2,1,1,1,2,1,60,0,0,0,1,1,1,3.93,0,3.95,25,1
323,2021,1,21,2020,2,1,1,3,0,1,1,3,1,99,0,0,0,0,1,1,3.86,0,3.84,24,4
324,2020,1,20,2019,7,0,1,5,1,1,1,6,1,99,1,0,0,0,0,1,2.93,0,2.84,26,1
325,2018,1,20,2017,12,1,0,7,0,1,1,2,1,90,0,0,1,0,0,0,3.06,0,3.08,36,3
326,2022,0,21,2020,1,1,1,5,1,1,1,3,1,98,0,0,1,0,0,1,3.92,0,3.94,60,4
327,2022,1,21,2020,2,0,1,1,1,1,1,2,1,90,0,0,0,0,1,1,3.17,0,3.53,25,2
328,2021,0,20,2019,3,1,1,4,1,1,1,2,0,98,0,0,0,0,0,1,3.63,0,3.63,11,3
329,2019,1,20,2018,11,1,0,5,1,1,1,2,1,95,0,0,1,0,0,1,3.98,0,3.86,23,4
330,2020,0,21,2019,6,0,1,3,1,1,0,2,1,99,1,0,1,0,1,1,3.39,0,2.8,20,3
331,2021,0,18,2019,3,1,0,4,0,1,0,3,1,100,0,0,0,2,0,0,3.68,0,3.68,11,3
332,2021,1,21,2019,3,1,0,1,1,1,1,5,0,90,1,0,1,0,1,0,3.83,0,3.83,11,2
333,2019,1,22,2017,11,0,0,3,1,1,1,4,1,95,0,0,1,0,0,0,3.64,0,3.74,87,3
334,2021,1,20,2020,2,1,1,8,1,1,1,2,1,100,0,0,1,0,0,1,2.96,0,3.38,25,3
335,2019,1,19,2019,5,1,0,2,1,1,1,6,1,100,0,0,0,0,1,0,3.8,0,3.8,11,1
336,2021,0,20,2020,3,1,1,2,0,1,1,4,1,85,0,0,1,0,0,1,3.49,0,3.5,23,3
337,2022,1,21,2020,2,1,1,3,1,1,1,3,1,95,0,0,0,0,0,1,2.11,0,3.0,26,2
338,2021,1,20,2020,2,1,0,5,1,1,1,3,1,100,1,1,1,0,0,1,3.42,0,3.42,11,3
339,2020,0,23,2019,7,1,0,1,1,1,1,1,1,75,0,0,1,2,1,0,3.96,0,3.93,76,2
340,2021,1,23,2020,3,0,1,2,1,1,1,6,1,70,1,0,1,0,0,0,2.86,0,3.26,125,1
341,2022,0,20,2020,2,0,0,2,1,1,1,4,1,100,0,0,1,0,0,1,3.5,0,3.5,11,3
342,2021,1,20,2019,3,1,0,2,1,1,1,2,0,92,0,0,0,0,0,1,2.52,0,2.52,12,2
343,2022,1,21,2020,1,0,1,2,1,1,1,3,1,99,0,0,0,0,0,1,3.72,0,3.71,25,3
344,2019,0,22,2017,11,1,0,3,0,1,1,2,1,85,0,0,1,1,1,1,2.8,0,3.35,120,3
345,2020,0,21,2019,8,1,0,5,1,1,1,4,1,100,0,0,1,0,0,1,3.98,0,3.99,58,3
346,2022,1,20,2019,1,0,0,2,1,1,1,1,1,99,0,0,0,0,0,0,3.68,0,3.61,24,3
347,2021,1,21,2020,3,1,0,2,1,1,1,4,1,100,0,0,0,0,0,1,3.03,0,2.94,25,3
348,2020,0,22,2018,6,0,0,5,1,1,1,3,1,90,0,0,1,0,0,1,3.34,0,3.18,120,3
349,2022,0,21,2015,2,1,1,2,1,1,1,1,0,95,0,0,1,0,1,1,3.39,0,3.39,12,3
350,2020,0,23,2019,8,0,1,3,1,1,1,5,1,80,0,0,1,0,0,1,3.78,0,3.55,141,2
351,2021,1,24,2020,3,0,1,3,1,1,1,3,0,98,1,0,1,0,0,1,1.05,0,2.97,42,2
352,2021,0,20,2020,3,0,0,4,1,1,1,2,0,100,1,0,0,0,0,0,2.06,0,2.2,23,0
353,2022,0,20,2019,2,1,0,2,1,1,1,3,0,90,0,0,0,0,0,1,3.67,0,3.67,11,3
354,2021,0,19,2019,3,0,1,1,1,1,1,3,1,90,0,0,0,0,1,1,3.78,0,3.78,11,2
355,2020,0,20,2020,2,1,0,2,0,1,1,6,1,80,1,0,0,1,1,1,1.63,0,2.61,79,1
356,2022,1,21,2020,12,1,0,4,1,1,1,3,0,75,0,0,1,0,1,0,3.17,0,3.39,22,2
357,2022,0,20,2021,1,0,1,3,1,1,1,2,1,92,0,0,0,0,0,1,3.82,0,3.91,23,4
358,2022,1,22,2020,2,0,0,1,1,1,0,4,0,95,0,0,1,0,0,0,2.55,0,2.55,11,2
359,2022,1,22,2020,2,1,1,2,0,1,1,1,1,98,0,0,1,0,0,1,3.79,0,3.89,23,3
360,2022,1,20,2020,2,1,0,3,1,1,0,3,0,100,0,0,0,1,1,0,5.0,0,4.0,10,4
361,2018,0,23,2017,14,0,1,7,1,1,1,5,1,60,0,0,1,0,0,0,3.76,0,3.62,120,1
362,2021,1,21,2020,3,1,0,5,1,1,1,4,0,99,0,0,1,0,1,0,3.74,0,3.91,88,3
363,2020,0,21,2019,8,1,0,3,1,1,1,2,1,99,0,0,0,0,0,1,3.38,0,3.2,23,3
364,2022,1,22,2020,2,0,0,3,1,1,0,4,1,100,0,0,1,0,0,0,3.98,0,3.97,58,3
365,2021,1,22,2019,5,1,0,2,0,1,1,1,0,98,1,0,1,0,1,0,2.1,0,2.1,14,0
366,2022,0,21,2020,2,1,0,3,1,1,1,1,1,100,1,0,0,0,1,0,2.72,0,2.25,62,2
367,2020,0,22,2019,8,1,1,6,1,0,1,2,2,100,0,0,1,0,0,1,3.3,1,3.39,23,3
368,2022,1,21,2020,1,1,0,4,1,1,1,2,2,90,0,0,1,0,0,0,4.0,0,3.72,23,3
369,2021,1,20,2020,2,0,0,4,1,1,1,2,0,100,0,1,1,0,0,0,3.1,0,3.1,12,3
370,2020,0,20,2019,6,1,0,4,1,1,1,4,2,85,1,0,1,0,0,0,2.56,0,2.01,23,2
371,2021,0,20,2020,3,1,1,2,1,1,1,3,1,90,0,0,0,2,1,0,3.21,0,3.21,12,3
372,2020,1,19,2019,8,0,0,4,1,1,0,2,1,90,1,0,1,0,1,1,3.38,0,3.38,14,3
373,2019,1,21,2019,9,0,0,3,1,1,1,1,0,99,1,0,1,0,1,0,3.9,0,3.9,11,4
374,2022,1,20,2020,2,1,1,4,1,1,1,2,1,95,0,0,1,0,0,1,3.95,0,3.95,12,4
375,2022,0,20,2020,2,1,1,4,1,1,1,2,1,98,0,0,0,0,0,1,3.03,0,3.03,12,3
376,2022,0,23,2020,1,0,1,3,1,1,1,1,1,99,1,0,0,1,1,0,2.59,0,2.56,133,2
377,2021,0,19,2019,2,1,1,3,1,1,1,2,1,90,0,0,1,0,0,1,3.45,0,3.295,25,3
378,2021,1,20,2020,3,0,1,4,1,1,0,1,0,80,0,0,0,0,1,1,3.6,0,3.6,11,2
379,2022,0,20,2019,2,0,0,3,0,1,1,4,0,90,1,0,1,0,1,0,3.53,0,3.53,11,3
380,2020,0,20,2018,8,1,0,0,1,1,1,3,1,70,0,0,1,0,1,1,3.86,0,3.69,90,0
381,2018,0,19,2016,13,0,1,2,1,1,1,1,2,90,0,0,1,0,1,1,3.48,0,2.4,11,3
382,2022,1,21,2020,3,0,0,2,0,1,1,3,1,87,0,0,0,0,0,0,3.7,0,3.77,54,3
383,2022,0,20,2020,1,0,1,3,1,1,1,6,2,98,0,0,1,0,0,1,3.84,0,3.84,11,1
384,2020,0,21,2020,3,0,1,4,1,1,1,2,1,100,0,0,1,0,0,1,3.4,0,3.29,85,3
385,2022,1,19,2020,2,0,0,2,1,1,1,6,0,90,0,0,0,1,0,0,3.43,0,3.43,14,1
386,2022,0,21,2020,2,1,0,2,1,1,0,6,1,90,0,0,1,0,1,0,3.7,0,3.7,11,1
387,2022,1,22,2020,2,0,1,4,1,1,1,1,2,95,0,0,1,1,0,1,3.02,0,3.2,70,3
388,2022,1,20,2016,2,0,1,2,1,1,1,1,0,80,0,0,0,0,0,0,3.48,0,2.98,23,2
389,2021,1,20,2020,3,1,0,3,1,1,1,1,2,75,0,0,1,0,1,0,3.53,0,3.53,13,2
390,2019,0,19,2018,11,1,1,6,1,1,1,2,2,90,0,0,0,0,0,0,3.06,0,3.41,87,3
391,2021,1,20,2020,5,0,0,5,1,1,1,3,0,88,1,0,1,0,0,0,3.9,0,3.9,11,3
392,2021,0,20,2019,3,0,1,2,1,1,1,2,1,85,0,0,0,0,1,1,3.19,0,3.37,101,3
393,2020,0,21,2019,2,0,0,3,0,1,1,1,0,100,1,0,1,0,1,0,2.69,0,2.69,11,2
394,2021,0,22,2020,4,1,0,5,1,1,1,2,0,88,0,0,0,2,0,0,3.05,0,3.05,11,3
395,2022,0,21,2020,2,0,1,1,1,1,1,5,2,80,0,0,1,0,1,1,4.5,0,4.0,75,2
396,2021,0,20,2019,4,1,0,2,1,1,1,3,1,80,0,0,1,3,1,1,3.75,0,3.75,11,2
397,2021,1,22,2020,4,1,0,1,1,1,1,2,1,100,0,0,0,1,0,0,3.33,0,3.33,12,2
398,2021,1,20,2019,4,1,0,1,0,1,1,2,0,80,1,0,1,0,1,0,2.81,1,2.81,35,2
399,2019,1,21,2016,10,1,0,4,1,1,1,3,1,95,1,0,1,0,1,0,2.18,0,2.08,11,0
400,2020,1,23,2019,8,0,1,1,1,1,0,1,1,85,0,0,0,0,0,1,3.7,0,3.75,70,2
401,2021,0,24,2020,3,0,0,3,0,1,1,2,1,88,0,0,1,2,0,0,3.62,0,3.0,140,3
402,2021,1,20,2020,3,0,1,2,1,1,1,4,0,99,0,0,1,0,0,1,3.18,1,3.18,11,3
403,2021,0,21,2019,5,1,1,1,0,1,0,1,0,87,0,0,0,0,1,1,3.55,1,3.59,11,2
404,2021,1,23,2020,4,1,0,3,1,1,1,2,0,90,0,0,0,0,1,0,3.58,0,3.75,23,4
405,2021,1,22,2019,3,1,0,4,1,1,1,1,0,99,0,0,0,0,0,0,3.88,0,3.88,12,4
406,2022,1,20,2020,2,1,0,5,1,1,1,1,0,88,0,0,0,0,0,0,3.0,0,3.0,12,3
407,2020,1,20,2018,8,1,0,4,1,1,1,2,1,98,0,1,1,0,1,0,4.0,0,4.0,11,4
408,2022,1,22,2020,2,1,1,2,0,1,1,2,0,95,0,0,1,1,1,1,3.97,0,3.97,11,3
409,2022,1,22,2020,2,1,1,1,0,1,1,4,1,90,0,0,1,0,1,0,3.79,0,3.69,25,2
410,2020,1,22,2019,8,0,0,3,1,1,1,3,1,97,1,0,1,1,0,0,2.96,0,2.89,111,3
411,2018,1,21,2018,12,1,0,8,1,0,1,2,1,90,0,0,1,0,1,0,3.77,0,3.86,49,4
412,2021,1,25,2020,3,0,0,4,1,1,1,1,1,98,0,0,0,0,0,1,3.44,0,3.48,124,3
413,2022,0,21,2020,2,1,1,5,0,1,1,6,1,98,0,0,1,0,0,1,3.56,0,3.66,23,1
414,2022,1,19,2020,2,1,1,3,1,1,1,2,0,97,0,0,1,0,0,1,3.56,0,3.56,12,3
415,2022,0,22,2020,2,1,1,4,1,1,1,3,1,90,0,0,1,0,1,1,2.48,0,2.74,23,1
416,2022,1,20,2019,2,1,1,1,0,1,1,2,0,70,1,0,0,0,0,1,3.25,0,3.2,11,1
417,2022,1,19,2021,2,1,0,1,1,1,1,3,0,90,0,0,1,0,1,0,0.0,0,0.0,0,0
418,2022,1,22,2020,2,1,0,8,1,1,1,6,1,90,0,0,1,0,1,1,3.7,0,3.4,39,1
419,2021,0,20,2020,3,1,0,3,1,1,0,3,1,70,0,0,0,0,0,1,3.38,0,3.58,25,1
420,2021,1,21,2019,2,1,0,3,0,1,1,2,1,95,0,0,1,0,1,0,3.78,0,3.9,49,4
421,2021,0,24,2016,3,0,0,2,1,1,1,1,1,75,0,0,1,0,0,0,3.4,0,3.5,106,2
422,2021,1,24,2020,3,0,0,2,1,1,1,3,1,88,0,0,1,0,1,1,2.58,0,2.93,106,2
423,2021,1,21,2020,3,0,0,2,0,1,1,3,2,90,0,0,1,1,0,0,3.96,0,3.7,85,3
424,2022,0,21,2020,2,1,1,3,1,1,1,3,1,90,0,0,0,0,0,1,3.58,0,3.76,25,4
425,2022,1,20,2020,2,1,0,5,0,1,1,1,1,90,0,0,1,1,1,0,3.79,0,3.91,23,4
426,2021,1,21,2019,5,0,0,0,1,1,1,3,1,100,0,1,1,0,1,0,2.17,0,3.06,44,0
427,2022,1,22,2020,2,1,0,2,1,1,1,1,1,95,1,0,1,0,0,0,1.12,0,1.88,32,0
428,2022,0,21,2020,2,1,1,3,0,1,1,5,1,90,0,0,0,0,0,1,3.72,0,3.67,25,2
429,2022,1,20,2020,1,0,0,4,1,1,0,3,0,96,0,0,1,0,1,1,3.55,0,3.55,11,3
430,2018,0,22,2018,11,0,0,1,1,1,1,2,1,80,0,0,0,0,0,1,2.83,0,2.82,65,2
431,2019,0,20,2019,8,1,1,6,1,1,1,2,0,100,0,0,1,0,0,1,3.88,0,3.88,11,4
432,2020,1,21,2019,7,1,0,0,1,1,1,6,1,60,0,0,0,0,1,0,4.0,0,3.3,12,0
433,2022,0,21,2020,2,0,1,2,1,1,1,1,1,100,0,0,0,0,1,1,3.0,0,3.66,87,3
434,2021,1,26,2014,3,0,1,4,0,1,1,3,1,50,1,1,1,0,1,0,2.44,0,2.44,90,0
435,2022,1,21,2020,2,1,0,3,1,1,1,2,1,10,0,0,1,0,0,1,2.82,0,3.0,23,0
436,2022,0,21,2020,2,1,1,5,1,1,1,2,1,98,0,0,0,0,0,1,3.9,0,3.9,11,4
437,2022,1,21,2020,2,1,0,4,0,1,1,2,0,100,0,0,1,0,1,0,3.33,0,3.33,12,3
438,2022,1,20,2020,2,1,1,3,1,1,0,3,1,100,0,0,1,0,1,1,3.98,0,3.98,11,4
439,2022,0,21,2020,2,1,0,3,1,1,0,3,0,85,0,0,0,0,0,0,3.4,0,3.8,11,3
440,2022,1,22,2019,2,1,1,2,0,1,1,3,1,95,0,0,1,0,1,1,3.81,0,3.81,11,3
441,2022,0,23,2020,2,1,1,2,1,1,0,4,1,98,0,0,0,2,1,1,3.97,0,3.97,11,3
442,2022,1,20,2020,2,1,1,2,1,1,1,1,0,92,0,0,0,0,1,0,3.33,0,3.33,12,3
443,2018,0,21,2017,12,1,0,5,1,1,0,4,1,99,0,0,1,0,0,1,2.68,0,2.89,23,2
444,2022,0,20,2020,2,0,0,1,0,1,0,2,1,90,0,0,1,0,0,0,3.84,0,3.84,11,2
445,2022,0,20,2020,2,1,0,6,1,1,0,2,2,95,0,0,1,0,1,1,3.54,0,3.69,25,3
446,2021,1,19,2019,2,1,1,2,1,1,1,2,1,90,0,0,0,0,1,1,2.32,0,2.8,24,2
447,2021,1,20,2019,2,1,0,3,1,1,1,2,0,90,0,0,0,0,0,0,4.0,0,4.0,11,4
448,2022,1,20,2020,2,0,0,3,1,1,1,2,0,100,0,0,1,0,0,0,3.8,0,3.8,12,4
449,2022,1,22,2020,2,0,1,4,0,1,1,1,0,100,0,0,0,0,0,1,2.08,0,2.91,49,2
450,2022,1,20,2020,2,0,0,2,1,1,0,1,0,100,0,0,1,0,1,0,3.05,0,3.05,12,3
451,2022,1,21,2020,2,1,1,1,0,1,1,4,2,88,0,0,1,0,1,1,3.45,0,3.45,12,2
452,2022,1,20,2020,2,1,1,3,1,1,1,5,0,90,1,1,1,0,0,0,2.73,0,2.73,12,2
453,2019,1,22,2017,11,0,0,7,1,1,1,1,1,90,0,0,1,0,1,0,3.2,0,3.29,132,3
454,2022,0,20,2020,2,1,0,1,1,1,1,4,1,85,0,0,1,0,1,1,3.96,0,3.94,85,2
455,2021,1,22,2020,2,1,1,6,1,1,1,2,1,98,0,0,0,0,0,1,3.56,0,3.69,87,3
456,2020,0,19,2019,2,1,1,3,1,1,1,4,0,90,0,0,0,0,1,1,3.89,0,3.89,11,3
457,2019,0,26,2018,11,1,0,2,1,1,1,2,0,99,0,0,0,3,0,1,3.89,0,3.36,23,3
458,2019,1,20,2018,12,1,1,2,1,1,1,3,0,70,0,0,0,0,0,1,3.68,0,3.68,14,1
459,2021,1,19,2020,2,1,1,3,1,1,1,3,1,85,1,0,1,0,1,1,2.93,0,2.93,11,3
460,2021,1,20,2019,3,1,0,4,0,1,1,3,0,80,0,0,0,0,0,1,3.81,0,3.81,12,2
461,2022,0,19,2020,2,0,1,3,1,1,0,2,1,95,0,0,0,0,0,1,3.37,1,0.0,11,3
462,2021,1,19,2020,3,1,0,3,1,1,1,1,1,90,1,0,1,3,0,1,3.25,0,3.25,10,3
463,2019,1,20,2016,11,1,0,2,0,1,1,2,0,70,0,0,0,0,0,1,2.89,0,2.89,11,1
464,2022,1,22,2021,2,0,0,5,1,1,1,2,0,90,1,0,0,2,1,0,1.62,0,1.45,11,0
465,2022,1,20,2020,2,0,1,7,1,1,0,1,1,100,0,0,1,0,0,1,3.73,0,3.73,11,3
466,2019,1,20,2018,11,1,0,2,1,1,1,1,1,90,0,0,0,0,0,0,3.18,0,3.18,11,3
467,2022,0,22,2020,2,0,1,6,1,1,1,1,1,100,0,0,0,0,1,1,3.5,0,3.7,100,3
468,2020,1,19,2018,8,1,0,4,0,1,1,1,0,90,1,0,0,0,0,0,2.9,0,2.9,11,3
469,2021,1,18,2014,3,1,0,5,1,1,1,3,0,50,0,0,1,0,0,1,3.48,0,3.48,12,1
470,2022,1,20,2020,2,1,0,2,1,1,1,2,0,90,1,0,0,0,0,1,3.6,0,3.6,11,3
471,2021,1,21,2020,2,0,0,5,0,1,1,2,0,99,0,0,1,0,0,0,3.13,0,3.17,11,3
472,2022,1,21,2020,2,1,0,3,0,1,1,3,0,95,1,0,1,0,0,0,1.42,0,1.42,5,0
473,2022,1,19,2019,2,1,1,2,1,1,1,2,1,90,0,0,1,0,0,1,3.13,0,3.13,11,3
474,2022,1,20,2020,2,1,0,4,0,1,1,2,1,100,0,0,1,0,0,0,3.85,0,3.85,12,4
475,2022,1,21,2020,2,1,1,3,0,1,1,2,1,98,0,0,1,0,1,1,3.6,0,3.6,11,3
476,2021,0,18,2019,3,1,0,4,0,1,1,2,1,95,0,0,1,0,1,1,3.54,0,3.54,11,3
477,2022,1,20,2020,2,1,0,3,1,1,1,1,0,95,0,0,0,0,0,0,3.54,0,3.55,11,3
478,2022,1,19,2020,2,0,0,4,0,1,1,3,1,100,1,0,0,0,0,0,2.1,0,2.1,12,0
479,2022,1,20,2020,2,1,0,4,1,1,1,3,0,100,0,0,1,0,1,0,2.5,0,2.5,12,2
480,2021,1,24,2020,3,1,0,4,1,1,1,2,1,98,0,0,0,1,1,0,3.31,0,3.76,139,4
481,2020,1,21,2019,7,0,0,1,0,1,1,2,2,93,0,0,1,0,0,0,3.75,0,3.75,12,2
482,2020,1,21,2019,7,1,0,4,0,1,1,1,1,98,0,0,1,0,0,0,3.7,0,3.7,13,3
483,2019,1,21,2019,8,0,0,4,0,1,1,1,1,90,0,0,1,0,0,0,3.5,0,3.5,13,3
484,2019,0,20,2019,9,1,1,5,1,1,1,6,0,50,1,0,0,0,0,1,3.7,0,3.7,11,1
485,2019,1,20,2017,9,1,0,4,1,1,1,4,0,90,1,1,1,0,0,0,3.24,0,3.24,11,3
486,2020,0,22,2019,8,0,1,0,1,1,1,2,1,95,1,0,0,0,0,1,2.3,0,2.8,113,0
487,2020,0,22,2019,8,0,0,4,1,1,0,2,1,95,0,0,0,2,0,1,3.87,0,3.6,141,3
488,2020,1,22,2018,8,1,1,2,1,1,1,1,1,90,0,0,1,0,1,1,3.24,1,3.5,27,3
489,2019,1,19,2019,8,0,0,5,1,1,0,4,0,98,0,0,0,0,0,1,3.65,0,3.65,11,3
490,2019,1,21,2018,8,1,0,4,1,1,1,3,1,88,0,0,1,0,1,0,3.52,0,3.5,21,3
491,2020,1,20,2018,7,1,0,1,1,1,1,3,0,97,0,0,0,0,0,0,2.73,0,2.73,11,2
492,2020,1,24,2018,8,1,0,3,1,1,1,5,0,90,0,0,1,0,0,1,3.79,0,3.88,23,2
493,2019,0,23,2018,8,1,0,4,1,1,1,1,0,90,0,0,0,2,0,0,3.96,0,3.91,116,4
494,2020,0,21,2019,8,0,1,2,1,1,0,3,1,90,0,0,0,0,1,1,3.4,0,3.4,12,3
495,2020,0,22,2019,8,0,1,1,0,1,1,4,1,80,0,0,0,0,0,1,3.49,0,3.39,126,2
496,2020,1,23,2019,8,0,1,3,0,1,1,2,1,98,0,0,0,0,1,1,3.85,0,3.85,12,4
497,2020,1,21,2019,8,0,1,2,1,1,1,1,1,100,1,0,0,0,1,1,2.02,0,2.4,71,0
498,2022,0,26,2020,2,1,0,3,1,1,1,2,0,100,0,0,0,3,0,1,3.89,0,3.38,23,3
499,2022,1,22,2019,1,1,1,6,0,1,1,2,1,88,0,0,1,0,0,1,3.93,0,3.93,12,3
500,2020,0,20,2019,8,0,1,2,1,1,1,6,0,78,0,0,0,0,0,1,3.9,0,3.9,11,1
501,2020,1,20,2019,7,1,1,6,1,1,1,1,1,97,1,0,1,0,0,0,3.47,0,3.47,12,3
502,2018,0,20,2016,10,0,1,3,1,1,1,1,1,80,0,0,1,0,1,1,3.7,0,3.7,12,2
503,2022,1,22,2020,2,1,1,2,1,1,1,5,1,90,1,0,1,0,0,1,3.73,0,3.73,11,2
504,2020,1,21,2018,6,1,1,3,0,1,1,3,1,99,0,0,1,0,1,0,3.73,1,3.68,26,3
505,2018,0,20,2017,14,1,0,5,0,1,0,4,2,85,1,0,1,0,0,0,1.87,0,3.5,32,3
506,2022,0,20,2018,2,1,1,4,0,1,1,6,1,100,0,0,1,0,1,1,3.96,0,3.99,76,1
507,2020,1,22,2019,7,1,1,4,0,1,1,1,1,95,0,0,0,0,0,1,3.68,0,3.73,84,3
508,2022,1,22,2020,2,0,1,3,1,1,1,2,1,90,0,0,1,0,1,1,2.04,0,2.86,93,2
509,2018,1,21,2017,13,1,1,2,1,1,1,2,2,90,0,0,0,0,0,1,3.74,0,3.67,90,3
510,2020,0,21,2019,8,0,0,2,1,1,1,3,1,87,0,0,0,0,0,0,3.75,0,3.75,110,3
511,2020,0,22,2019,8,0,0,3,1,1,1,2,1,97,0,0,1,0,0,0,3.3,0,3.26,86,3
512,2017,1,23,2016,17,1,0,4,1,1,1,6,1,80,0,0,1,0,1,0,3.72,0,3.45,90,1
513,2020,1,24,2019,8,0,0,2,1,1,1,2,1,100,0,0,1,0,1,0,3.21,0,3.42,85,3
514,2020,0,21,2019,8,1,1,1,1,1,1,3,1,99,0,0,0,3,1,1,3.64,0,3.65,76,2
515,2020,0,22,2019,7,1,1,3,1,1,1,4,2,95,0,0,0,1,0,1,2.86,0,3.42,87,3
516,2022,1,22,2020,2,1,1,5,1,1,1,2,1,100,0,0,1,0,0,1,3.78,0,3.88,93,4
517,2019,1,24,2017,11,0,1,6,1,1,1,1,0,90,1,0,0,0,1,0,2.66,0,2.76,115,2
518,2021,0,21,2021,3,0,1,4,1,1,1,3,2,95,0,0,0,3,1,1,3.04,0,2.87,85,3
519,2021,1,20,2020,5,0,0,3,1,1,1,2,1,100,0,0,0,0,0,1,1.76,0,2.55,64,1
520,2022,1,22,2020,2,1,1,5,0,1,1,1,2,99,0,0,1,0,0,1,3.15,0,3.71,84,3
521,2022,1,22,2020,2,1,1,0,1,1,1,4,1,100,0,0,1,0,0,0,4.0,0,3.62,86,0
522,2021,0,20,2020,3,0,1,1,1,1,1,2,1,75,0,0,0,0,0,1,3.58,0,3.58,14,2
523,2021,1,21,2020,3,0,1,6,1,1,1,3,1,80,0,0,0,0,1,1,3.4,0,3.4,11,2
524,2022,1,22,2020,1,0,1,2,0,1,1,6,2,100,1,0,0,0,0,1,2.44,0,2.77,76,1
525,2018,1,22,2016,14,1,1,2,0,1,1,6,2,70,0,0,0,0,1,1,3.94,0,3.91,75,1
526,2020,1,24,2018,8,1,0,5,1,1,1,2,1,98,0,0,1,0,1,0,3.0,0,2.85,90,3
527,2020,0,21,2018,8,1,1,3,1,1,1,2,1,95,0,0,0,2,0,1,3.32,0,3.27,88,3
528,2020,1,22,2018,8,1,1,2,1,1,1,2,0,98,0,0,1,0,0,1,2.8,0,2.8,11,2
529,2019,0,22,2018,11,0,0,8,1,1,1,2,1,99,0,0,1,0,1,0,3.39,0,3.33,70,3
530,2020,1,20,2019,7,0,0,6,0,1,0,6,1,85,0,0,1,0,1,0,4.0,0,4.0,12,1
531,2022,0,26,2020,2,1,1,3,0,1,1,6,1,90,0,0,1,3,0,1,3.2,0,3.44,117,1
532,2021,0,21,2019,3,1,0,5,1,1,1,3,1,50,0,0,1,0,1,0,3.31,0,2.9,70,1
533,2019,1,23,2017,11,0,1,5,0,0,1,3,1,100,1,0,1,0,1,1,2.96,0,3.06,136,3
534,2019,1,20,2017,11,1,1,5,1,1,1,3,0,99,0,0,0,0,0,1,3.68,0,3.68,11,3
535,2020,0,20,2019,8,0,1,2,0,1,1,1,0,90,0,0,1,0,1,1,3.78,0,3.78,11,3
536,2022,1,21,2020,2,1,0,3,1,1,1,2,1,70,0,0,0,0,1,0,3.87,0,3.68,86,1
537,2020,1,21,2019,8,1,1,5,1,1,1,2,1,100,0,0,1,0,0,1,3.9,0,3.9,11,4
538,2019,1,24,2019,8,0,0,4,0,1,1,1,2,90,0,0,0,2,0,1,2.65,0,2.97,130,2
539,2020,1,22,2018,8,0,0,2,1,1,1,1,1,90,0,0,0,0,0,0,3.29,0,3.65,100,3
540,2019,0,20,2018,8,0,1,2,0,1,1,3,1,90,0,0,1,0,1,1,3.14,0,3.62,95,3
541,2018,1,24,2016,13,0,0,2,1,1,1,3,1,90,1,1,1,0,0,1,3.15,0,3.39,140,3
542,2021,0,21,2020,2,1,1,2,0,1,1,3,1,90,0,0,1,0,0,1,3.46,0,3.55,88,3
543,2021,0,22,2018,2,0,0,4,0,1,1,3,1,80,0,0,1,0,0,1,3.32,0,3.17,85,2
544,2021,0,21,2020,3,1,1,1,1,1,1,2,1,80,0,0,0,0,0,1,3.21,0,3.36,76,2
545,2020,1,19,2018,8,1,0,3,1,1,1,1,0,96,0,0,1,0,0,0,3.93,0,3.93,11,4
546,2022,1,24,2020,2,0,0,1,1,1,1,4,1,99,0,0,0,0,0,1,3.94,0,3.76,130,2
547,2019,0,22,2019,8,0,0,2,0,1,1,1,1,95,1,0,1,0,1,0,2.87,0,2.31,24,2
548,2022,1,21,2020,1,0,0,2,1,1,1,2,0,99,0,0,1,0,0,0,3.31,0,3.27,49,3
549,2020,0,19,2018,8,1,1,2,0,1,1,2,1,80,0,0,1,0,1,1,4.0,1,4.0,11,2
550,2022,1,20,2020,2,1,0,3,1,1,1,2,0,85,0,0,0,0,0,0,4.6,0,4.6,12,3
551,2022,1,20,2021,2,1,0,2,0,1,1,1,1,90,1,0,1,0,0,0,2.08,0,2.68,20,1
552,2020,0,22,2019,8,0,1,1,1,1,1,2,0,95,1,0,1,0,0,1,2.62,0,2.64,18,2
553,2022,1,19,2020,2,1,1,2,1,1,1,2,0,98,0,0,1,0,1,0,3.89,0,3.89,12,3
554,2022,0,23,2019,2,0,1,3,1,1,1,2,2,95,1,0,1,1,0,1,2.75,0,2.88,111,2
555,2022,1,22,2020,2,0,0,3,0,0,1,5,1,90,0,0,0,0,0,1,4.0,0,3.97,87,2
556,2022,1,22,2020,2,1,0,4,0,1,1,1,1,90,0,0,0,0,0,0,3.57,0,3.57,90,3
557,2020,0,22,2019,8,1,0,3,1,1,1,2,1,95,0,0,1,0,0,0,3.19,0,3.41,90,3
558,2022,1,23,2020,2,1,0,4,1,1,1,1,1,80,0,0,0,0,0,0,3.6,0,3.9,130,2
559,2019,0,20,2016,10,0,1,1,1,1,1,2,1,90,1,0,1,0,0,1,2.88,0,2.88,68,2
560,2021,1,20,2019,3,1,0,3,1,1,0,4,0,70,1,0,1,0,0,0,2.74,0,2.74,23,1
561,2021,0,20,2020,3,0,1,2,1,1,0,2,0,85,1,0,0,0,0,1,1.41,0,2.55,25,1
562,2019,0,22,2017,11,0,0,10,1,1,1,2,1,90,0,0,1,0,0,0,3.42,0,3.32,122,3
563,2020,0,22,2018,8,0,0,4,1,1,1,6,1,80,0,0,1,0,0,0,3.1,0,3.08,118,1
564,2020,1,21,2018,8,1,0,3,0,1,1,3,2,88,0,0,0,0,0,0,3.96,0,3.86,87,3
565,2021,1,20,2020,2,1,0,1,0,1,1,6,1,80,0,0,1,0,0,0,3.29,0,3.29,11,1
566,2015,0,22,2014,22,1,1,5,1,1,1,1,0,100,0,0,0,0,0,1,3.75,0,3.75,12,4
567,2020,0,21,2019,7,1,0,1,1,1,1,1,1,100,0,0,1,0,0,0,3.66,0,3.8,87,2
568,2022,1,21,2020,2,1,0,3,1,1,1,5,1,95,0,0,1,0,0,0,3.88,0,3.71,92,2
569,2019,1,22,2018,11,1,1,6,0,1,1,6,1,90,0,0,0,0,1,0,4.0,0,3.89,75,1
570,2020,1,21,2019,8,1,1,3,1,0,1,1,1,100,0,0,1,0,1,0,3.64,0,3.42,100,3
571,2021,1,25,2020,4,1,1,2,0,1,1,3,1,96,1,1,1,0,0,1,2.4,0,2.41,86,0
572,2014,0,20,2013,15,0,0,4,1,1,0,1,0,90,0,0,0,0,1,0,2.67,0,2.67,12,2
573,2019,0,22,2019,8,1,0,1,1,1,1,4,0,57,1,0,1,3,0,1,2.86,0,2.86,15,1
574,2020,1,20,2018,8,1,0,3,0,1,1,3,1,100,0,0,0,0,1,0,2.63,0,3.07,27,2
575,2017,0,21,2017,9,0,1,1,0,1,1,1,1,85,0,0,1,0,0,1,3.48,0,3.74,87,2
576,2019,1,19,2018,11,1,1,2,1,1,1,2,1,95,0,0,0,0,0,1,3.75,0,3.75,12,3
577,2017,1,21,2016,16,1,1,6,1,1,1,4,1,90,0,0,1,0,1,1,3.94,0,3.88,90,3
578,2019,0,20,2019,8,1,0,5,1,1,1,3,0,90,0,0,1,0,0,1,4.0,0,4.0,13,4
579,2020,0,21,2019,7,1,0,2,1,1,1,2,1,80,0,0,1,2,0,1,3.5,0,3.63,87,2
580,2020,1,19,2019,8,1,0,2,0,1,1,1,0,80,0,0,0,0,0,1,1.91,0,1.75,6,0
581,2021,1,20,2020,4,1,1,1,1,1,1,1,0,100,0,0,0,0,0,1,3.85,0,3.85,11,2
582,2020,1,22,2019,8,0,1,2,1,1,1,3,0,97,0,0,1,0,1,0,1.97,0,2.77,80,1
583,2022,1,20,2020,2,1,1,2,1,1,1,6,1,95,0,0,1,0,0,1,3.51,0,3.51,11,1
584,2020,1,21,2019,7,0,0,0,1,1,1,2,0,98,0,0,1,0,0,0,3.85,0,3.85,11,0
585,2021,0,20,2021,3,1,1,7,1,1,1,3,0,99,0,0,1,0,0,1,4.0,0,4.0,11,4
586,2019,1,19,2018,11,0,0,2,1,1,1,4,0,90,0,0,1,0,0,0,3.21,0,3.21,11,3
587,2020,0,22,2019,8,1,0,1,1,1,1,2,1,90,0,0,1,0,1,1,3.15,0,3.65,84,2
588,2019,1,21,2017,11,1,0,2,1,1,1,4,0,70,1,1,1,1,1,0,3.1,0,3.1,14,1
589,2021,1,23,2019,3,1,0,4,1,1,1,3,1,100,0,0,1,0,0,0,3.22,0,3.47,95,3
590,2020,0,22,2018,8,1,1,2,1,1,1,2,1,90,0,0,0,0,0,1,3.52,0,3.77,23,3
591,2021,0,20,2020,2,1,0,3,1,1,1,2,1,95,0,0,1,0,0,1,3.24,0,3.32,23,3
592,2020,1,23,2019,7,0,1,3,1,1,1,4,1,97,0,0,0,0,1,0,3.94,1,3.95,126,3
593,2020,0,22,2019,8,0,0,1,0,1,1,1,1,90,0,0,0,0,1,1,2.5,0,2.85,90,2
594,2019,0,21,2018,11,0,1,3,1,1,1,1,0,91,0,0,0,0,0,0,2.65,0,2.85,70,2
595,2020,1,20,2019,6,1,1,2,0,1,0,4,1,90,0,0,0,0,0,1,2.91,0,2.91,11,3
596,2019,1,26,2018,11,0,1,4,1,1,1,3,1,80,1,1,1,0,0,0,3.22,0,2.83,103,2
597,2021,1,21,2019,3,1,1,2,1,1,1,2,0,90,0,0,0,0,1,1,3.67,0,3.48,75,3
598,2021,0,21,2020,3,1,0,2,1,1,1,3,1,95,0,0,0,0,0,0,4.0,0,4.0,12,3
599,2018,1,21,2017,13,1,1,3,1,1,1,2,0,98,0,0,1,0,1,1,3.92,0,3.92,12,4
600,2019,1,23,2019,10,0,0,4,0,1,1,1,2,90,0,0,1,0,0,0,3.02,0,3.05,123,3
601,2021,0,21,2020,2,0,1,1,0,1,1,1,2,95,0,0,0,0,0,1,3.77,0,3.69,88,2
602,2018,1,21,2017,14,0,1,3,1,1,1,5,1,95,0,0,1,0,1,1,3.89,0,3.7,35,2
603,2019,0,25,2018,10,0,1,2,1,1,1,6,1,70,1,0,1,3,0,1,3.06,0,2.86,140,1
604,2019,1,21,2017,11,0,1,3,0,1,1,1,1,90,1,0,0,0,1,1,3.66,0,3.01,77,3
605,2020,0,22,2019,8,1,1,3,1,1,1,3,0,90,1,0,1,0,0,0,2.15,0,2.54,70,1
606,2019,1,24,2018,11,1,1,1,0,1,1,6,1,86,0,0,0,0,0,1,3.39,0,3.29,90,1
607,2019,0,22,2018,10,0,0,3,1,1,1,2,1,99,0,0,1,0,0,1,3.78,0,3.54,125,3
608,2022,1,25,2020,2,0,1,4,0,1,1,2,1,100,0,0,1,0,1,1,3.51,0,3.51,147,3
609,2022,1,22,2020,2,0,1,3,1,1,1,6,1,100,0,0,1,0,0,0,2.92,0,2.9,58,1
610,2022,0,21,2020,2,0,1,9,1,1,1,3,2,90,1,0,1,2,1,0,2.13,0,2.45,87,0
611,2013,1,22,2012,9,0,0,2,1,1,1,2,1,90,0,0,0,0,0,0,3.4,0,2.8,80,3
612,2021,0,21,2020,4,1,1,3,1,1,1,1,1,95,0,0,1,0,1,1,3.4,0,3.5,87,3
613,2022,1,20,2019,2,0,1,1,1,1,1,2,0,90,0,0,1,0,1,1,2.59,0,3.01,24,2
614,2019,0,21,2019,8,1,0,4,1,1,1,3,1,100,0,0,1,0,1,1,3.78,0,3.77,87,4
615,2022,1,22,2019,2,0,0,4,1,1,1,3,1,90,0,0,0,0,1,0,3.4,0,3.65,75,3
616,2020,0,21,2019,8,1,0,6,1,1,1,2,0,50,1,1,1,0,0,0,1.52,0,1.64,8,0
617,2019,0,22,2017,10,0,1,4,1,1,1,3,2,95,0,0,1,0,1,1,3.66,0,3.37,123,3
618,2014,1,20,2013,24,0,0,1,1,1,1,6,1,80,1,0,0,0,1,0,3.5,0,3.12,90,1
619,2022,0,23,2020,2,0,1,3,1,1,1,3,1,98,0,0,1,0,1,1,3.59,0,3.55,123,3
620,2020,1,20,2017,8,1,0,3,1,1,1,1,0,87,0,0,1,0,0,0,3.03,0,3.03,23,3
621,2020,1,23,2018,8,1,0,5,1,1,1,2,0,98,0,0,1,0,0,0,3.94,0,3.9,91,4
622,2020,0,22,2019,8,0,1,5,1,1,1,3,1,99,0,0,1,0,0,1,3.49,0,3.44,80,3
623,2019,0,21,2018,11,1,1,4,0,1,1,1,1,95,0,0,1,0,1,1,3.0,0,3.1,87,3
624,2022,1,24,2020,2,0,1,4,0,1,1,1,1,80,0,0,1,0,1,1,3.45,0,3.34,117,2
625,2022,1,20,2019,2,0,0,4,1,1,1,2,1,95,0,0,0,0,0,1,3.58,0,3.5,72,3
626,2018,0,21,2016,12,0,0,3,0,1,1,2,2,90,1,1,1,3,0,1,2.96,0,2.61,96,3
627,2019,0,21,2017,11,1,0,3,1,1,1,5,1,90,0,0,1,0,1,0,3.38,0,3.53,24,2
628,2020,0,20,2019,8,1,0,3,1,1,1,4,1,94,0,0,1,0,1,0,3.12,0,3.07,24,3
629,2019,1,24,2018,9,0,0,2,0,1,1,1,0,90,1,0,1,3,0,0,2.86,0,2.88,133,2
630,2020,0,20,2019,7,0,0,3,1,1,1,2,0,95,0,0,1,0,0,1,3.1,0,3.27,88,3
631,2022,1,23,2020,2,1,1,5,1,1,1,3,1,100,0,0,0,0,0,1,3.92,0,3.92,11,4
632,2019,1,24,2018,10,0,0,3,1,1,1,3,2,100,1,0,0,1,0,1,2.76,0,2.64,136,2
633,2018,0,22,2016,11,1,0,4,1,1,1,3,1,100,0,0,1,0,1,0,3.52,0,3.78,112,4
634,2019,1,23,2017,10,1,0,4,1,0,1,6,1,98,0,0,0,1,1,0,4.0,0,3.9,123,1
635,2020,1,23,2019,8,1,1,5,1,1,1,2,2,90,0,0,0,0,0,1,3.84,0,3.78,90,4
636,2019,0,22,2017,11,0,1,3,1,1,1,5,1,96,0,0,0,0,0,1,3.44,0,3.46,125,2
637,2019,1,21,2017,11,0,1,2,0,1,1,6,0,90,0,0,1,0,0,0,3.11,0,3.0,105,1
638,2019,1,21,2018,11,1,1,2,1,1,1,2,0,99,0,0,1,0,1,0,2.98,0,2.98,11,3
639,2022,1,21,2020,1,1,0,3,1,1,1,2,2,100,0,0,1,0,1,0,3.98,0,3.98,28,4
640,2018,0,26,2016,13,0,1,2,1,1,1,5,0,75,1,0,1,3,1,1,3.08,0,3.15,89,2
641,2021,0,22,2020,4,0,0,4,0,1,1,2,1,85,0,0,1,0,1,1,3.1,0,3.16,122,3
642,2021,1,19,2021,4,0,1,4,1,1,1,2,0,80,1,0,0,0,0,1,2.37,0,2.46,31,0
643,2022,1,21,2020,2,1,0,2,1,1,1,1,0,80,0,0,0,0,0,0,3.58,0,3.58,12,2
644,2022,1,22,2020,1,1,1,5,1,1,1,6,2,90,0,1,1,0,1,0,3.36,1,3.47,87,1
645,2021,1,22,2020,3,0,1,4,1,1,1,1,1,97,1,0,1,0,1,0,2.9,0,2.19,36,3
646,2022,1,20,2020,1,0,0,1,1,1,1,1,1,90,0,0,1,0,1,0,3.32,0,3.25,12,2
647,2022,1,22,2020,1,0,0,4,1,1,1,1,1,90,1,0,1,0,0,0,3.3,0,3.15,90,3
648,2019,1,23,2017,10,0,0,2,1,1,1,1,1,87,0,0,0,0,0,0,3.92,0,3.78,123,3
649,2021,0,25,2020,3,0,0,4,0,1,1,4,1,50,1,1,1,3,0,1,2.8,1,2.5,115,1
650,2021,1,21,2020,5,1,0,3,0,1,0,5,1,80,1,0,1,0,1,0,3.33,0,2.9,12,2
651,2021,1,22,2020,4,1,0,4,1,1,1,2,1,90,0,0,0,0,0,0,3.54,0,3.4,87,3
652,2020,1,23,2019,8,1,1,4,1,1,1,3,1,85,0,0,0,0,0,0,3.66,0,3.81,87,3
653,2022,1,24,2021,6,0,0,1,1,1,1,2,1,100,0,0,1,0,1,0,3.78,0,3.13,124,2
654,2019,1,21,2018,10,0,0,5,1,1,1,2,1,100,0,0,1,0,1,1,3.82,0,3.81,89,4
655,2019,0,23,2019,10,1,1,6,1,1,1,4,1,80,0,0,1,0,1,0,4.0,0,3.93,118,2
656,2021,1,19,2019,6,1,0,3,1,1,1,6,0,100,0,0,1,0,1,0,3.54,0,3.54,11,1
657,2020,1,21,2018,11,1,0,1,1,1,1,6,0,100,0,0,1,0,0,0,2.55,0,2.55,11,1
658,2020,1,25,2019,10,1,0,2,1,1,1,6,2,70,0,0,0,0,0,0,3.4,1,3.4,136,1
659,2020,0,21,2020,9,1,1,1,1,1,1,3,1,54,0,0,0,0,0,1,3.62,0,3.62,85,1
660,2019,1,21,2019,10,0,1,4,1,1,1,2,0,90,0,0,0,0,0,1,3.7,0,3.45,101,3
661,2019,0,21,2019,7,1,1,6,0,1,1,2,1,100,0,0,1,0,1,1,3.5,0,3.5,89,3
662,2022,1,21,2021,5,1,1,4,0,1,1,3,1,87,0,0,1,0,0,1,3.48,0,3.48,11,3
663,2021,1,22,2019,9,0,0,3,1,1,0,3,1,87,0,0,1,1,1,0,3.01,0,2.92,112,3
664,2021,1,25,2020,9,1,1,3,1,1,1,4,1,100,0,0,1,0,1,1,3.86,0,3.56,129,3
665,2020,1,23,2020,11,1,1,2,0,1,1,3,1,100,0,0,1,1,0,1,3.38,0,3.81,117,3
666,2019,0,22,2018,9,1,1,6,1,1,1,6,1,77,0,0,1,3,0,1,3.07,0,3.42,75,1
667,2022,0,23,2020,5,1,1,4,1,1,1,6,1,95,0,0,0,0,0,1,3.59,0,3.56,119,1
668,2021,1,25,2020,6,0,0,5,1,1,1,6,1,70,0,0,1,0,1,0,2.59,0,3.06,130,1
669,2020,1,23,2020,8,0,0,3,1,1,1,6,1,86,1,0,0,0,0,0,3.3,0,3.24,130,1
670,2021,0,22,2020,9,1,1,4,1,1,1,2,1,78,0,0,1,0,1,1,3.72,0,3.78,127,2
671,2020,1,19,2019,9,1,1,3,1,1,1,6,0,100,0,0,1,0,0,1,3.9,0,3.9,11,1
672,2020,1,23,2019,11,0,0,1,1,1,1,3,0,68,1,1,1,0,1,0,2.55,0,2.65,120,1
673,2020,1,20,2018,11,1,0,6,1,1,1,4,0,90,0,0,0,0,0,0,3.0,0,2.8,36,3
674,2022,1,22,2019,4,1,0,3,0,1,1,4,0,100,1,0,1,0,0,0,2.0,0,2.59,24,1
675,2020,0,22,2019,11,1,0,2,1,1,1,3,1,100,0,0,1,0,0,0,3.96,0,3.9,135,3
676,2020,1,20,2020,8,1,1,2,1,1,1,2,1,50,0,0,1,0,0,0,3.7,0,3.7,10,1
677,2022,1,19,2021,5,0,0,1,0,1,1,4,0,78,0,0,0,0,0,1,3.3,0,3.3,11,2
678,2019,1,22,2017,10,0,0,2,1,1,1,1,1,80,0,0,0,0,1,0,3.2,0,3.51,77,2
679,2021,1,21,2020,9,1,1,5,1,1,1,3,1,100,0,0,1,0,0,1,3.57,0,3.67,23,3
680,2019,0,22,2019,10,0,1,4,1,1,1,6,1,45,0,0,1,0,1,1,3.37,0,3.11,140,0
681,2020,1,21,2020,10,1,0,2,1,1,1,2,2,100,1,0,1,0,1,0,3.17,0,2.85,20,3
682,2021,1,19,2020,7,0,0,2,1,1,1,2,0,87,0,0,1,0,0,0,3.5,0,3.45,11,3
683,2022,1,20,2021,5,0,0,2,1,1,1,2,0,95,0,0,1,0,0,0,3.78,0,3.78,28,3
684,2022,1,25,2021,5,1,1,2,1,1,1,4,1,100,0,0,1,0,1,0,3.9,0,3.59,77,3
685,2022,1,21,2021,6,0,1,2,1,1,1,2,1,100,0,0,0,0,0,1,2.94,0,2.5,23,3
686,2019,0,21,2018,11,1,1,1,1,1,1,6,0,100,0,0,0,0,0,1,2.89,0,2.8,77,1
687,2020,0,22,2019,7,0,0,2,1,1,1,3,1,90,0,0,0,0,0,0,1.8,0,2.56,23,1
688,2020,0,22,2020,11,0,0,2,0,1,1,3,1,100,0,0,0,0,0,0,2.78,0,3.75,78,3
689,2021,0,20,2021,7,0,0,4,1,1,0,6,0,80,1,0,1,0,0,1,1.45,0,2.38,50,0
690,2021,0,25,2021,7,0,0,3,0,1,1,6,1,100,0,0,1,1,1,0,2.45,0,3.54,140,1
691,2020,1,23,2019,9,1,0,4,1,1,0,5,2,100,0,0,0,0,1,1,1.45,0,2.45,126,0
692,2020,0,20,2020,10,0,0,2,1,1,1,2,1,100,0,0,0,0,0,1,2.0,0,3.19,78,2
693,2020,1,24,2019,11,1,0,3,1,1,1,3,2,46,0,0,1,0,0,0,2.89,0,3.99,140,0
694,2020,0,20,2019,11,0,0,3,1,1,1,3,1,75,0,0,1,1,0,0,2.88,0,3.75,141,2
695,2020,1,20,2019,10,0,0,2,1,1,1,3,0,78,1,0,1,0,1,0,1.87,0,2.98,101,2
696,2020,1,20,2020,11,0,0,2,1,1,0,2,2,100,1,0,1,0,1,1,2.44,0,3.53,127,3
697,2021,0,22,2020,6,0,0,4,1,1,0,6,1,100,0,0,1,0,0,1,2.8,0,3.65,126,1
698,2020,1,21,2020,8,0,0,4,0,1,1,6,1,100,0,0,1,0,0,1,2.11,0,3.47,103,1
699,2021,1,22,2020,7,0,0,3,1,1,1,5,2,90,0,0,0,3,0,0,2.37,0,3.49,67,2
700,2022,1,23,2021,5,0,0,2,1,1,1,2,1,46,1,0,0,3,0,1,2.75,0,3.8,116,0
701,2022,0,21,2021,5,0,0,3,0,1,1,3,1,100,0,0,1,1,0,0,1.98,0,2.91,117,2
702,2019,0,20,2018,11,0,0,4,0,1,1,2,1,100,0,0,1,0,1,1,2.64,0,3.7,143,3
703,2019,1,22,2017,10,0,0,3,0,1,1,6,1,100,0,0,0,0,1,0,1.77,0,2.66,133,1
704,2020,0,21,2019,10,0,0,2,1,1,1,6,1,100,0,0,0,0,1,1,2.19,0,2.77,42,1
705,2020,1,22,2019,11,1,0,1,0,1,1,2,2,51,1,1,1,1,1,0,2.19,0,3.19,63,1
706,2020,0,20,2019,9,0,0,3,0,1,1,3,1,100,1,0,0,0,0,0,1.98,0,2.98,119,2
707,2021,0,20,2020,8,0,0,2,1,1,1,2,1,34,1,0,0,1,1,1,1.83,0,2.9,97,0
708,2021,0,21,2021,9,0,0,1,0,1,1,6,1,50,0,0,1,1,0,0,1.87,0,2.82,139,1
709,2022,0,25,2021,8,0,0,5,0,1,1,3,1,87,0,0,0,0,0,0,2.65,0,3.71,143,3
710,2020,0,23,2018,10,1,0,3,1,1,1,6,2,99,1,0,1,0,0,1,2.19,0,3.45,122,1
711,2021,1,24,2020,8,1,0,3,1,1,1,2,1,100,0,0,1,0,0,1,2.5,0,3.4,46,3
712,2022,1,25,2020,6,0,0,2,1,1,1,2,1,56,1,0,0,1,0,0,2.82,0,3.85,143,1
713,2021,0,22,2020,9,0,0,1,0,1,1,3,0,76,1,0,0,1,0,0,1.34,0,2.68,98,1
714,2021,0,19,2021,6,0,0,1,1,1,1,4,0,100,0,0,1,0,0,0,2.68,0,3.79,80,2
715,2022,0,22,2021,6,0,0,2,0,1,1,3,1,100,1,0,0,1,1,1,1.97,0,2.98,79,2
716,2022,0,20,2022,3,1,0,4,1,1,1,4,2,63,0,0,0,0,0,1,2.76,0,3.86,127,1
717,2021,0,25,2020,9,0,0,2,1,1,1,6,2,90,0,0,1,0,1,1,1.72,0,2.79,140,1
718,2022,1,21,2021,6,0,0,4,1,1,1,3,0,68,0,0,0,0,1,0,2.62,0,3.75,136,1
719,2020,0,20,2019,10,0,0,6,1,1,1,4,2,80,0,0,0,1,0,0,1.51,0,2.59,99,1
720,2020,0,22,2020,11,0,0,1,1,1,0,3,1,100,1,0,0,0,0,0,1.45,0,2.53,65,1
721,2021,1,21,2019,10,0,0,3,1,1,0,2,1,100,0,0,0,0,0,0,2.16,0,3.24,66,3
722,2021,1,21,2020,9,0,0,2,1,1,1,3,1,100,1,0,0,3,1,1,2.56,0,3.62,143,3
723,2021,1,21,2020,9,1,0,4,1,1,1,2,2,100,0,0,1,0,0,0,1.97,0,3.1,144,2
724,2020,0,23,2020,9,0,0,2,1,1,1,2,1,100,1,0,0,1,1,1,2.33,0,3.31,32,3
725,2022,0,20,2021,5,0,0,3,1,1,1,3,1,100,1,0,0,0,0,0,1.6,0,2.68,143,1
726,2022,1,20,2018,6,0,0,3,1,1,1,6,1,100,0,0,0,1,1,0,2.11,0,3.22,97,1
727,2021,0,20,2019,8,0,0,3,0,1,1,6,0,89,1,1,0,0,1,0,1.19,0,2.16,103,0
728,2019,1,21,2019,10,0,0,7,0,1,1,3,2,100,0,0,1,0,0,0,2.65,0,3.78,121,3
729,2020,1,20,2019,9,0,0,4,1,1,1,2,1,100,1,0,1,1,1,0,2.67,0,3.7,135,3
730,2021,1,24,2020,6,0,0,1,0,1,1,4,1,98,1,0,0,0,0,1,2.44,0,3.51,144,2
731,2020,1,24,2020,7,0,0,3,1,1,1,4,2,100,1,0,1,1,1,0,1.65,0,2.68,143,1
732,2018,1,25,2018,11,0,0,5,1,1,1,1,1,78,0,0,0,0,1,0,2.54,0,3.61,78,2
733,2020,1,20,2019,7,0,0,5,0,1,1,4,2,100,1,0,0,3,1,1,2.5,0,3.61,143,3
734,2021,0,20,2020,7,0,0,5,0,1,1,5,1,50,0,0,0,1,1,1,2.07,0,3.39,84,1
735,2019,0,20,2018,10,0,0,6,0,1,1,3,2,80,0,0,1,0,0,1,1.77,0,2.64,119,1
736,2020,1,20,2019,11,1,0,2,1,1,1,4,1,99,0,0,0,0,0,0,2.11,0,3.21,102,3
737,2019,0,21,2019,11,0,0,2,1,1,0,6,1,77,1,0,1,0,1,0,2.33,0,3.41,63,1
738,2021,0,20,2020,8,0,0,4,1,1,1,2,0,100,1,0,1,1,1,0,2.77,0,3.84,58,3
739,2020,1,21,2020,10,1,0,4,1,1,1,2,2,100,0,0,1,0,0,1,2.87,0,3.98,140,3
740,2022,1,22,2021,8,0,0,4,0,1,1,3,1,100,0,0,0,0,0,0,2.19,0,3.43,140,3
741,2020,1,22,2020,10,0,0,3,1,1,1,6,2,78,0,0,1,0,0,1,2.11,0,3.39,132,1
742,2020,1,25,2018,10,0,0,3,1,1,1,3,1,70,0,0,1,0,1,0,2.51,0,3.57,143,1
743,2022,1,22,2021,6,0,0,6,0,1,1,5,0,70,0,0,0,0,1,0,2.22,0,3.38,124,1
744,2022,0,20,2022,3,0,0,2,1,1,1,3,1,60,1,0,0,0,0,0,1.86,0,2.91,102,1
745,2021,0,22,2020,10,0,0,2,1,1,0,2,0,100,0,0,0,3,1,1,1.87,0,2.95,140,2
746,2019,0,21,2019,10,1,0,1,0,1,1,2,0,80,0,0,1,0,0,0,2.88,0,3.91,127,2
747,2020,0,23,2020,8,0,0,4,0,1,1,2,1,80,1,1,0,0,0,1,1.91,0,3.1,123,2
748,2020,0,20,2020,11,0,0,2,0,1,1,1,1,79,0,0,0,1,0,1,1.81,0,2.9,101,2
749,2021,1,20,2020,9,0,0,2,1,1,1,2,1,88,1,0,1,0,0,1,1.72,0,2.8,80,2
750,2021,0,20,2021,8,0,0,3,1,1,1,3,1,100,0,0,1,1,0,0,1.56,0,2.63,104,1
751,2020,0,24,2019,9,0,0,6,1,1,1,4,0,80,0,0,0,0,1,1,2.23,0,3.39,98,2
752,2021,0,21,2020,8,0,0,4,1,1,1,6,1,100,1,0,1,1,0,0,2.67,0,3.74,77,1
753,2021,0,19,2020,8,0,0,4,0,1,1,6,1,88,0,0,0,1,0,0,1.65,0,2.87,35,1
754,2018,0,20,2017,11,0,0,4,0,1,1,2,2,100,0,0,1,1,0,1,2.44,0,3.88,132,3
755,2019,1,20,2018,11,0,0,3,1,1,1,3,1,100,1,0,0,3,1,1,1.56,0,2.63,70,1
756,2020,0,21,2019,10,0,0,3,1,1,1,4,1,100,0,0,0,1,0,0,2.21,0,3.21,145,3
757,2021,1,20,2020,9,0,0,3,1,1,1,6,1,100,0,0,0,1,0,0,2.61,0,3.68,143,1
758,2022,0,24,2021,5,0,0,4,1,1,1,6,0,100,0,0,1,1,0,0,2.41,0,3.5,136,1
759,2019,0,20,2018,11,0,0,2,0,1,1,2,2,35,1,0,0,0,1,1,1.57,0,2.66,121,0
760,2022,1,20,2020,4,1,0,2,1,1,1,3,2,100,1,0,1,1,1,0,2.73,0,3.8,121,3
761,2021,1,22,2020,9,0,0,2,1,1,1,3,2,56,1,0,1,3,0,1,2.87,0,3.93,121,1
762,2020,1,20,2019,10,0,0,2,0,1,1,1,1,100,0,0,0,0,0,0,1.56,0,2.66,71,1
763,2019,1,25,2018,11,0,0,2,0,1,1,6,2,100,0,0,0,0,0,0,2.87,0,3.98,143,1
764,2021,1,23,2019,5,0,0,6,0,1,1,4,2,100,0,0,0,0,0,0,1.79,0,2.85,104,2
765,2020,1,21,2019,8,1,0,5,0,1,1,4,2,100,0,0,0,0,0,1,2.88,0,3.93,139,3
766,2020,0,22,2019,10,0,0,2,1,1,1,2,1,45,1,0,0,1,0,0,2.78,0,3.84,120,0
767,2021,0,22,2020,5,1,0,3,0,1,1,6,0,70,0,0,0,1,1,1,2.36,1,3.19,70,1
768,2023,0,21,2021,2,0,0,2,1,1,1,2,1,100,0,0,1,0,0,1,2.03,0,3.15,65,2
769,2018,0,25,2018,10,1,0,1,1,1,1,3,0,65,1,0,1,0,1,0,2.83,0,3.9,143,1
770,2022,0,20,2020,6,1,0,2,1,1,1,5,2,100,0,0,0,0,1,1,2.44,0,3.78,88,2
771,2021,1,20,2020,8,0,0,5,1,1,1,6,1,100,0,0,1,0,0,1,1.66,0,2.99,97,1
772,2021,1,21,2020,10,0,1,2,1,1,1,2,2,89,0,0,0,0,1,1,2.54,0,3.76,126,3
773,2022,0,22,2021,6,1,0,3,0,1,1,3,1,62,0,0,0,0,0,1,2.79,0,3.59,125,1
774,2021,1,20,2020,7,0,0,3,1,1,1,2,0,78,1,1,1,1,0,0,1.55,0,2.67,144,1
775,2022,1,21,2022,3,0,0,1,1,1,1,5,2,100,1,0,0,0,0,1,1.25,0,2.57,101,1
776,2022,0,20,2020,5,0,0,2,1,1,1,1,2,41,0,0,0,0,0,0,2.56,0,3.61,131,0
777,2020,1,20,2019,10,0,0,2,1,1,1,2,1,86,1,0,0,0,1,1,2.64,0,3.7,99,3
778,2022,1,20,2021,6,1,0,3,1,1,1,2,2,100,0,0,0,3,1,1,1.45,0,2.67,142,1
779,2020,1,21,2019,10,0,0,1,1,1,1,3,0,83,0,0,0,1,0,0,1.56,0,2.87,133,2
780,2020,0,21,2019,11,1,0,3,1,1,1,1,1,100,0,0,1,1,0,1,2.1,0,3.37,86,3
781,2019,0,20,2019,11,0,0,2,0,1,0,5,1,100,0,0,0,3,0,1,2.1,0,3.28,77,2
782,2021,0,20,2020,9,0,0,3,0,1,1,3,1,100,1,0,1,3,0,1,1.54,0,2.64,137,1
783,2022,1,24,2021,6,0,0,1,1,1,1,2,0,100,1,1,1,1,1,1,2.39,0,3.43,45,2
784,2022,0,21,2021,5,0,0,4,0,1,1,2,2,77,0,0,0,3,0,1,2.51,0,3.87,103,2
785,2020,1,21,2020,10,1,0,2,1,1,1,3,0,84,0,0,0,0,1,0,2.81,0,3.89,143,2
786,2021,0,20,2019,10,0,0,4,1,1,1,4,2,100,0,0,1,0,0,0,2.45,0,3.54,117,3
787,2020,1,20,2020,11,0,0,2,1,1,1,3,1,100,1,0,0,0,1,1,2.66,0,3.72,98,3
788,2021,0,21,2020,9,1,0,4,1,0,1,1,1,100,0,0,1,1,1,1,2.04,0,3.23,145,3
789,2020,1,21,2020,8,0,0,3,0,1,1,2,2,100,0,1,0,0,1,0,2.29,0,3.56,100,3
790,2019,1,20,2018,11,0,0,3,1,1,1,2,2,100,0,0,1,0,0,1,2.55,0,3.77,137,3
791,2021,1,22,2020,9,1,0,2,1,1,1,2,2,35,0,0,1,0,1,0,2.9,0,3.89,135,0
792,2019,1,25,2019,11,0,0,6,1,1,1,6,1,100,0,0,0,1,1,0,2.34,0,3.42,143,1
793,2021,1,21,2020,9,0,0,3,0,1,1,3,2,100,0,0,1,3,0,1,2.08,0,3.11,138,2
794,2021,0,20,2020,8,0,0,5,0,1,1,3,2,100,0,0,1,3,0,1,2.51,0,3.5,130,3
795,2021,0,21,2021,5,0,0,3,0,1,1,6,1,67,0,0,0,0,0,1,2.13,0,3.33,107,1
796,2020,1,25,2019,8,0,0,2,1,1,1,4,1,100,0,1,0,0,0,0,1.43,0,2.56,143,1
797,2020,0,20,2019,11,0,0,3,1,1,1,1,1,35,1,0,0,3,1,1,1.26,0,2.33,59,0
798,2021,0,20,2020,8,0,0,3,1,1,1,3,2,100,1,0,1,0,0,0,1.56,0,2.6,130,1
799,2020,1,23,2020,10,0,0,3,1,1,1,1,0,68,0,0,0,0,0,0,1.75,0,2.81,137,1
800,2020,1,25,2020,7,0,0,3,1,1,1,6,0,100,0,0,0,3,1,1,1.76,0,2.87,144,1
801,2021,1,21,2021,5,0,0,6,0,1,1,1,1,100,1,0,1,0,1,0,1.34,0,2.53,96,1
802,2019,1,21,2018,11,0,0,3,1,1,1,2,2,100,0,0,1,0,0,0,2.91,0,3.95,119,3
803,2019,1,22,2017,11,0,0,2,0,1,1,5,1,86,1,0,0,1,1,1,2.46,0,3.52,140,2
804,2020,0,20,2019,9,0,0,1,1,1,1,5,1,100,0,0,0,1,0,0,1.67,0,2.98,75,2
805,2020,0,20,2019,11,1,0,2,1,1,1,3,1,95,0,0,1,1,1,1,2.66,1,4.0,12,3
806,2023,1,24,2022,2,0,0,5,0,1,1,5,2,100,1,0,0,0,1,1,2.65,0,3.68,140,2
807,2020,1,20,2019,9,0,0,5,1,1,1,6,1,90,0,0,0,0,0,1,2.8,0,3.91,77,1
808,2020,0,20,2019,10,0,0,3,1,1,1,5,1,99,0,0,0,3,1,1,1.46,0,2.67,101,1
809,2020,0,21,2019,10,0,0,4,1,1,1,3,1,98,1,0,0,0,0,0,1.67,0,2.73,134,1
810,2022,1,20,2020,5,0,0,2,1,1,1,4,2,99,1,0,0,0,1,0,1.35,0,2.58,77,1
811,2021,1,21,2020,7,0,0,4,1,1,1,6,2,100,0,0,0,1,0,1,2.56,0,3.66,88,1
812,2018,0,19,2018,11,0,0,3,0,1,1,3,2,100,0,0,0,0,0,1,2.67,0,3.78,32,3
813,2022,0,20,2021,7,0,0,4,1,1,1,5,2,90,0,0,1,0,1,0,2.56,0,3.61,68,2
814,2019,1,25,2018,11,0,0,3,1,1,1,3,1,65,1,0,0,0,0,0,2.67,0,3.75,140,1
815,2020,1,20,2020,11,0,0,2,1,1,1,3,0,72,0,0,1,1,0,0,2.46,0,3.55,89,1
816,2022,1,24,2021,6,0,0,2,1,1,1,3,1,42,1,0,1,3,1,1,1.44,0,2.65,136,0
817,2021,0,24,2020,8,0,0,2,1,1,1,3,0,68,0,0,0,1,1,0,2.53,0,3.62,143,1
818,2022,0,25,2021,5,0,0,2,1,1,1,2,0,47,0,0,0,0,1,1,2.79,0,3.88,141,0
819,2018,0,20,2017,10,1,0,3,1,1,1,6,1,90,1,0,1,0,1,1,2.75,0,3.82,103,1
820,2018,1,21,2018,11,0,0,4,1,1,1,2,2,86,1,0,0,3,1,1,1.68,0,2.73,88,1
821,2020,0,20,2020,10,0,0,2,0,1,1,3,1,79,1,0,1,3,0,1,1.67,0,2.77,58,1
822,2020,1,20,2020,10,1,0,2,1,1,1,2,2,100,0,0,1,1,0,0,1.76,0,2.8,122,2
823,2021,0,25,2020,9,0,0,3,0,1,1,3,2,46,0,0,1,1,0,0,2.88,0,3.9,139,0
824,2022,1,20,2021,6,0,0,2,1,1,1,3,0,78,1,0,0,0,0,0,2.54,0,3.61,143,2
825,2020,0,22,2020,5,0,0,4,1,1,1,6,2,90,1,1,0,3,1,1,1.76,0,2.82,121,1
826,2022,1,21,2021,5,0,0,2,1,1,1,3,1,23,0,0,0,0,1,1,2.54,0,3.64,97,0
827,2021,1,25,2020,9,0,0,2,1,1,1,3,1,55,0,0,1,0,1,1,1.54,0,2.68,143,1
828,2022,0,21,2021,4,0,0,2,1,1,1,4,1,100,0,0,0,1,1,0,1.46,0,2.5,119,1
829,2022,1,22,2021,7,1,0,3,1,1,1,2,2,32,0,0,0,0,0,1,2.91,0,3.97,141,0
830,2021,0,20,2019,9,0,0,5,0,1,1,5,2,100,0,0,0,1,1,0,1.8,0,2.89,116,2
831,2020,0,20,2019,10,1,0,2,1,1,1,2,1,89,0,0,0,1,1,0,2.78,0,3.8,89,3
832,2020,0,21,2020,11,1,0,5,1,1,1,3,2,68,0,0,1,0,1,1,1.65,0,2.56,64,1
833,2020,0,22,2019,11,1,0,6,1,1,1,2,2,100,0,0,0,0,1,1,2.32,0,3.87,113,3
834,2022,0,25,2021,6,0,0,5,0,1,1,3,2,100,0,0,0,1,0,0,1.57,0,2.63,143,1
835,2020,0,20,2018,8,1,0,3,1,1,1,2,1,80,1,0,0,0,1,1,2.85,0,3.93,100,2
836,2021,1,21,2019,6,0,0,2,1,1,1,3,1,100,0,0,0,3,0,1,2.74,0,3.84,137,3
837,2021,0,22,2019,7,0,0,1,1,1,1,5,1,70,0,1,0,0,1,0,2.13,0,3.03,107,1
838,2021,0,20,2020,7,1,0,2,1,1,1,6,2,100,0,0,0,0,1,1,2.91,0,3.91,81,1
839,2022,0,25,2021,5,0,0,3,1,1,1,5,1,100,1,0,0,0,0,0,1.43,0,2.49,143,0
840,2021,1,25,2020,9,0,0,3,1,1,0,3,0,100,0,0,0,1,0,1,1.98,0,2.89,145,2
841,2020,1,23,2019,8,1,0,3,1,1,1,6,0,100,0,0,1,1,0,1,2.91,0,3.89,103,1
842,2020,0,22,2019,11,1,0,3,1,1,1,2,1,34,0,0,1,0,0,1,2.5,0,3.48,128,0
843,2020,0,21,2019,11,0,0,4,1,1,1,2,1,79,0,0,0,0,1,1,2.85,0,3.65,28,2
844,2020,0,24,2020,9,0,0,4,1,1,1,6,0,100,0,0,0,0,1,1,2.2,1,3.5,60,1
845,2020,1,25,2019,11,1,0,2,0,1,1,3,2,76,0,0,1,1,1,0,2.48,0,3.48,105,2
846,2019,0,23,2018,11,0,0,1,1,1,1,4,1,66,0,0,0,0,0,0,2.87,0,3.93,138,1
847,2021,1,22,2020,9,1,0,2,1,1,0,2,1,100,0,0,1,0,0,1,2.56,0,3.35,54,3
848,2021,0,20,2020,10,0,0,1,1,1,1,2,1,100,0,0,1,1,0,1,2.31,0,3.45,109,2
849,2020,1,25,2018,8,0,0,4,1,1,1,6,0,88,0,1,1,3,0,1,2.45,0,3.56,143,1
850,2020,0,19,2019,11,0,0,2,0,1,1,4,1,80,0,0,1,1,1,1,2.09,0,3.34,100,2
851,2021,1,24,2019,5,0,0,3,1,1,1,6,1,90,1,0,0,0,1,1,2.45,0,3.55,144,1
852,2021,0,20,2019,7,0,0,1,0,1,1,2,1,100,0,0,0,3,0,1,2.67,0,3.77,143,2
853,2019,1,21,2019,12,0,0,5,1,1,1,6,2,100,0,0,1,0,0,0,1.89,0,2.97,97,1
854,2021,0,20,2019,7,0,0,2,0,1,0,4,0,60,0,0,0,3,1,1,2.67,0,3.74,90,1
855,2020,0,22,2019,8,1,0,5,1,1,1,6,1,75,1,0,0,0,0,0,2.74,0,3.8,68,1
856,2021,0,22,2019,10,0,0,1,0,1,1,6,2,100,1,0,1,0,0,1,1.61,0,2.88,123,1
857,2021,0,24,2020,6,0,0,2,1,1,1,6,1,95,1,1,0,1,0,0,2.54,0,3.63,144,1
858,2021,1,21,2020,6,0,0,5,1,1,1,4,1,50,1,0,1,1,0,0,1.46,0,2.55,139,1
859,2021,1,20,2021,7,1,0,5,1,1,1,2,1,100,0,0,0,1,0,0,2.65,0,3.79,138,3
860,2021,0,21,2020,9,0,0,2,0,1,1,2,2,35,0,0,0,0,1,0,1.88,0,2.92,124,0
861,2022,0,21,2021,5,1,0,3,1,1,1,3,2,100,1,0,1,3,1,1,2.77,0,3.8,77,3
862,2019,1,20,2019,10,0,0,4,0,1,1,6,1,87,0,0,0,0,0,0,1.98,0,2.97,66,1
863,2021,1,22,2020,9,0,0,5,0,1,1,2,0,86,0,0,1,1,0,0,1.81,0,2.88,72,2
864,2020,0,20,2020,10,0,0,7,1,1,1,3,2,100,0,0,1,1,0,0,2.87,0,3.9,125,3
865,2021,1,20,2020,9,0,0,1,1,1,1,2,1,67,0,0,1,0,0,1,1.76,0,2.67,27,1
866,2022,0,21,2022,3,0,0,3,1,1,1,3,1,95,0,0,0,0,1,0,2.34,0,3.4,109,3
867,2019,0,20,2018,11,0,0,5,1,1,1,3,1,100,0,0,1,0,0,0,2.07,0,3.28,132,3
868,2020,1,23,2019,10,0,0,2,0,1,1,6,1,100,0,0,0,1,0,1,2.45,0,3.51,132,1
869,2023,1,20,2021,2,0,1,2,1,1,1,6,1,77,1,0,1,0,0,0,2.66,0,3.79,135,1
870,2022,0,23,2021,5,1,0,4,1,1,1,2,1,85,0,0,0,1,0,1,2.77,0,3.85,144,3
871,2021,0,21,2019,7,0,0,2,0,1,1,6,0,100,1,0,0,0,0,1,2.63,0,3.7,75,1
872,2021,1,23,2020,9,1,0,2,0,1,1,2,2,89,0,0,0,1,1,1,2.81,0,3.79,135,3
873,2021,0,21,2021,8,0,0,2,1,1,1,3,1,68,0,0,1,0,0,1,2.44,0,3.44,56,1
874,2020,1,23,2020,8,0,0,5,0,1,1,6,2,90,0,0,1,0,1,1,2.5,0,3.22,66,1
875,2021,0,21,2020,9,0,0,2,1,1,1,2,2,87,0,0,1,1,1,1,2.55,0,3.8,112,3
876,2021,0,20,2020,9,0,0,2,1,1,1,3,0,86,0,0,1,0,0,1,2.22,0,3.35,79,3
877,2020,0,20,2018,6,0,0,4,1,1,1,2,0,80,0,0,1,0,1,1,2.56,0,3.64,108,2
878,2019,0,23,2018,10,0,0,4,1,1,1,6,1,95,0,0,0,0,0,1,1.99,0,3.0,121,1
879,2021,0,24,2019,8,0,0,4,1,1,1,3,1,100,0,0,1,3,0,1,1.56,0,2.62,143,1
880,2022,0,21,2021,5,0,0,6,1,1,1,3,2,100,0,0,1,1,0,0,2.67,0,3.77,143,3
881,2022,0,20,2021,5,0,0,3,1,1,0,3,2,100,0,0,0,0,1,1,2.31,0,3.44,138,3
882,2019,1,24,2019,11,0,0,3,1,1,1,5,1,97,1,0,1,3,1,1,1.26,0,2.37,143,0
883,2021,0,25,2020,3,0,0,3,0,1,1,6,0,30,0,0,1,0,1,1,1.55,0,2.78,143,0
884,2022,0,20,2020,5,0,0,5,1,1,1,6,2,90,1,0,0,1,1,0,2.64,0,3.71,129,1
885,2021,1,20,2021,9,0,0,1,1,1,1,3,2,87,1,0,0,1,1,0,2.76,0,3.81,134,2
886,2019,1,25,2019,11,0,0,6,1,1,1,2,0,100,0,0,0,0,1,0,1.62,0,2.45,99,0
887,2021,0,23,2020,8,1,0,3,0,1,1,3,0,100,0,0,0,0,1,1,2.88,0,3.6,109,3
888,2022,0,23,2021,6,0,0,3,1,1,1,3,1,43,1,0,1,1,1,1,2.61,0,3.57,130,0
889,2021,0,23,2020,4,1,0,3,1,1,1,6,1,70,0,0,1,0,1,1,2.85,0,3.79,66,1
890,2020,1,23,2020,11,0,0,1,1,1,0,2,2,76,0,0,0,0,0,1,2.19,0,3.7,111,2
891,2020,0,22,2020,11,0,0,2,1,1,1,3,1,54,1,0,1,0,1,0,1.9,0,2.81,97,1
892,2021,0,21,2021,4,0,0,4,0,1,1,6,2,100,0,0,0,0,1,0,1.89,0,3.08,117,1
893,2018,0,21,2017,12,0,0,1,1,1,1,3,2,60,0,0,1,1,0,0,2.77,0,3.81,136,1
894,2020,1,22,2017,11,0,0,1,1,1,1,3,1,90,0,0,0,0,1,1,1.4,0,2.95,61,2
895,2020,0,20,2019,10,1,0,3,1,1,1,5,2,77,0,0,0,0,0,0,1.76,0,2.87,68,2
896,2019,0,20,2019,11,1,0,5,1,1,1,3,2,100,0,0,1,3,0,1,2.66,0,3.83,102,3
897,2021,1,20,2020,6,0,0,6,1,1,1,3,1,100,1,0,1,0,0,1,1.56,0,2.62,107,1
898,2021,0,20,2020,9,0,0,2,1,1,1,3,1,100,0,0,1,3,0,1,2.87,0,3.91,61,3
899,2021,1,24,2020,8,1,0,3,1,1,1,2,1,100,1,0,0,0,0,0,2.09,0,3.23,129,3
900,2020,0,20,2020,11,0,0,1,0,1,1,3,2,100,0,0,1,0,1,0,1.56,0,2.66,120,1
901,2020,0,21,2019,10,1,0,2,1,1,1,3,1,90,0,0,0,3,0,1,2.78,0,3.89,138,3
902,2020,1,20,2019,9,0,0,6,1,1,1,3,1,100,0,0,1,3,1,1,2.45,0,3.51,103,3
903,2022,0,19,2021,5,0,0,2,1,1,1,5,2,78,0,0,0,0,0,0,2.78,0,3.89,35,2
904,2022,1,24,2021,6,0,0,3,1,1,1,2,1,100,0,0,1,1,0,0,1.67,0,2.73,143,1
905,2020,1,22,2020,8,0,0,3,1,1,0,6,2,71,0,0,0,1,1,0,1.55,0,2.68,134,1
906,2021,0,19,2020,9,0,0,4,0,1,1,5,2,100,0,0,0,1,0,1,1.87,0,2.88,35,2
907,2022,1,21,2021,4,0,0,5,1,1,1,6,2,70,0,0,0,1,1,0,1.56,0,2.63,65,1
908,2021,0,23,2019,6,0,0,2,0,1,1,5,1,31,0,0,1,1,0,1,2.7,0,3.5,66,0
909,2020,0,20,2019,8,0,0,3,1,1,0,6,1,60,1,0,1,0,0,1,2.76,0,3.8,113,1
910,2022,1,22,2021,8,0,0,5,1,1,1,6,1,100,1,0,0,0,1,0,1.45,0,2.56,88,1
911,2018,1,20,2018,11,0,0,2,0,1,1,2,2,100,0,0,0,3,1,1,1.55,0,2.76,77,1
912,2020,1,20,2019,11,0,0,3,1,1,1,3,1,100,0,0,0,0,0,0,2.67,0,3.73,101,3
913,2020,0,21,2020,11,0,0,2,1,1,1,3,2,56,0,0,1,0,1,0,2.86,0,3.9,119,1
914,2021,0,22,2021,7,0,0,3,1,1,1,2,1,100,0,0,0,0,0,1,2.03,0,3.25,59,3
915,2020,0,22,2020,10,0,0,2,1,1,1,2,2,86,0,0,0,1,0,1,2.31,0,3.65,140,3
916,2020,0,22,2019,10,1,0,3,1,1,0,5,2,100,0,0,0,0,1,0,2.66,0,3.78,109,2
917,2021,0,20,2020,9,0,0,3,0,1,1,1,1,67,0,0,0,1,0,1,2.11,0,3.26,87,1
918,2021,1,19,2020,8,0,0,2,1,1,1,2,1,100,0,0,0,0,0,1,1.67,0,2.7,77,1
919,2022,1,23,2021,6,1,0,3,1,1,1,2,2,100,0,0,1,0,1,0,2.4,0,3.44,139,3
920,2021,0,21,2020,9,0,0,2,0,1,1,3,0,100,1,0,0,0,0,1,1.55,0,2.81,34,2
921,2020,0,20,2017,9,1,0,3,0,1,1,2,1,70,0,0,1,0,1,0,2.55,0,3.59,72,1
922,2021,1,20,2019,7,0,0,4,1,1,1,6,1,100,1,0,1,1,1,1,2.45,0,3.56,123,1
923,2020,1,21,2019,11,1,0,3,1,1,1,3,2,100,0,0,1,0,0,0,2.77,0,3.87,139,3
924,2022,0,20,2021,6,0,0,5,1,1,1,2,1,76,0,0,0,0,1,0,2.53,0,3.6,95,2
925,2019,0,19,2019,11,0,0,2,0,1,1,3,1,100,1,0,1,1,1,0,1.65,0,2.71,73,1
926,2022,0,19,2020,5,0,0,1,0,1,1,2,0,78,0,0,0,1,0,0,2.32,0,3.68,46,2
927,2020,0,20,2018,8,0,0,2,1,1,1,6,1,98,0,0,0,3,1,1,2.61,0,3.7,144,1
928,2019,1,20,2019,5,0,0,2,0,1,1,6,1,90,1,0,0,0,1,1,1.55,0,2.61,143,1
929,2019,1,19,2019,6,0,0,4,0,1,1,4,1,80,0,0,1,0,1,1,2.23,0,3.67,45,2
930,2020,1,25,2020,8,0,0,8,0,1,1,2,2,100,1,0,1,1,1,0,2.45,0,3.34,122,3
931,2022,0,22,2021,6,0,0,1,0,1,1,2,1,54,0,0,0,3,0,1,2.11,0,3.56,132,1
932,2019,1,24,2018,11,0,0,5,1,1,1,6,1,77,0,0,0,0,0,0,1.59,0,2.62,132,1
933,2021,1,25,2019,10,0,0,1,1,1,1,3,2,100,1,0,0,1,1,1,2.56,0,3.67,143,2
934,2020,1,20,2020,10,0,0,3,0,1,0,6,2,100,0,0,0,0,1,0,2.76,0,3.77,97,1
935,2020,1,21,2018,9,0,0,2,1,1,1,3,1,77,0,0,1,0,1,0,2.76,0,3.8,124,2
936,2022,1,20,2021,5,0,0,1,1,1,0,6,1,45,0,0,0,0,0,0,2.61,0,3.7,98,0
937,2022,0,20,2021,5,1,0,2,1,1,1,3,0,100,0,0,0,1,0,1,2.75,0,3.86,143,3
938,2021,1,21,2020,7,1,0,3,1,1,1,3,0,100,0,1,0,1,1,1,1.98,0,3.11,125,2
939,2023,1,20,2021,2,1,0,6,1,1,1,4,2,100,0,0,0,0,0,1,2.77,0,3.87,125,3
940,2020,1,21,2019,10,0,0,3,1,1,1,6,1,100,0,0,1,0,1,1,1.79,0,2.82,71,1
941,2020,0,21,2020,11,0,0,3,0,1,1,3,1,100,1,0,0,0,0,0,1.88,0,2.91,74,2
942,2020,1,21,2020,10,0,0,2,0,1,1,2,1,64,0,0,0,1,1,0,2.38,0,3.49,109,1
943,2020,1,20,2018,9,0,0,5,0,1,1,6,1,100,0,0,1,1,0,0,2.08,0,3.21,113,1
944,2022,0,21,2020,4,0,0,4,0,1,1,6,1,79,0,0,0,1,0,1,1.89,0,3.4,56,1
945,2022,1,20,2020,3,0,0,4,0,1,1,6,2,80,1,1,1,3,1,1,1.21,0,2.47,139,0
946,2020,1,20,2020,10,0,0,2,1,1,1,3,1,73,0,0,1,0,1,0,1.81,0,2.86,117,1
947,2020,1,20,2018,9,0,0,3,1,1,1,2,2,87,0,0,1,0,1,0,2.45,0,3.68,124,3
948,2021,1,25,2020,8,0,0,3,1,1,1,3,1,100,0,0,1,3,1,1,1.56,0,2.66,143,1
949,2019,0,25,2018,11,0,0,2,1,1,1,3,2,80,1,0,0,0,1,0,1.6,0,2.68,143,1
950,2020,0,20,2019,11,0,0,5,0,1,1,2,2,100,1,0,0,1,0,0,1.81,0,2.89,144,2
951,2022,0,20,2021,4,0,0,2,1,1,1,4,1,100,1,0,1,3,0,1,1.76,0,2.81,96,2
952,2019,0,21,2019,10,0,0,3,1,1,1,2,0,78,1,0,1,0,0,0,1.57,0,2.65,135,1
953,2021,1,24,2020,6,0,0,3,1,1,1,5,2,100,0,0,0,0,1,0,2.05,0,3.45,85,2
954,2021,1,20,2020,9,0,0,2,1,1,1,2,2,100,1,0,0,0,0,1,2.38,0,3.47,130,3
955,2021,0,20,2020,7,0,0,2,1,1,0,6,2,80,1,0,0,1,1,1,2.67,0,3.73,93,1
956,2020,1,22,2020,5,0,0,4,1,1,1,5,1,70,0,0,1,0,0,0,1.56,0,2.67,71,1
957,2020,1,20,2018,9,0,0,2,1,1,1,6,2,50,1,0,1,1,1,1,1.91,0,2.96,109,1
958,2020,1,24,2019,7,0,0,6,0,1,1,3,1,100,1,0,0,1,1,1,1.89,0,3.18,113,2
959,2020,0,20,2019,9,0,0,3,1,1,1,6,2,50,0,0,0,0,0,1,2.76,0,3.88,109,1
960,2020,0,23,2019,10,0,0,3,1,1,1,6,1,88,1,0,0,1,1,0,2.76,0,3.84,144,1
961,2020,1,20,2020,10,1,0,5,1,1,1,6,2,80,1,0,0,1,1,0,2.7,0,3.87,78,1
962,2020,1,22,2019,10,0,1,3,1,1,1,6,1,75,0,0,0,0,0,1,2.56,0,3.64,143,1
963,2021,1,20,2021,7,0,0,5,0,1,1,2,1,100,1,0,1,1,0,1,1.81,0,2.84,71,2
964,2020,1,24,2020,7,0,0,6,1,1,1,4,0,70,0,0,0,0,0,1,2.53,0,3.36,76,1
965,2020,0,23,2019,11,0,0,4,1,1,1,3,0,96,1,0,1,0,1,0,2.54,0,3.57,84,3
966,2022,0,22,2021,5,0,0,2,1,1,1,1,1,95,0,0,1,0,1,1,2.45,0,3.5,16,3
967,2022,0,21,2021,6,1,1,7,1,1,1,3,2,100,0,0,0,0,0,1,2.91,0,4.0,97,3
968,2022,1,20,2020,5,0,0,2,1,1,1,1,1,100,0,0,1,3,1,1,2.67,0,3.77,78,3
969,2021,0,22,2020,5,0,0,6,1,1,1,4,1,90,0,0,1,0,0,0,2.33,0,3.88,144,3
970,2021,1,24,2021,8,0,0,3,0,1,1,2,0,89,1,0,0,3,1,1,2.87,0,3.91,140,3
971,2020,0,20,2019,9,0,0,3,0,1,0,6,2,70,0,0,0,1,1,0,2.09,0,3.23,119,1
972,2020,0,25,2019,11,0,0,1,0,1,1,2,1,100,1,0,1,3,1,1,1.67,0,2.73,124,1
973,2021,0,20,2021,6,0,0,3,0,1,1,5,1,60,1,0,0,1,1,1,1.15,0,2.39,75,0
974,2020,0,21,2019,11,0,0,4,1,1,1,6,2,100,1,0,1,3,0,1,2.56,0,3.64,68,1
975,2021,1,20,2021,7,0,0,4,1,1,0,5,0,100,0,0,0,0,0,0,1.99,0,2.94,88,2
976,2020,0,19,2018,11,1,0,5,1,1,1,6,1,35,0,1,0,0,1,0,2.78,0,3.8,29,0
977,2021,1,21,2020,9,0,0,5,1,1,1,3,1,100,0,0,0,1,1,0,2.21,0,3.3,137,3
978,2020,1,20,2020,11,0,0,2,1,1,1,3,2,43,0,0,0,1,0,0,1.46,0,2.51,143,0
979,2020,1,20,2019,11,1,0,3,1,1,1,3,1,70,1,0,0,0,0,0,2.67,0,3.78,136,1
980,2020,1,21,2019,11,0,0,2,0,1,0,2,1,67,0,0,1,0,0,0,2.32,0,3.78,123,1
981,2022,0,21,2020,5,0,0,1,1,1,1,6,1,100,0,0,0,3,1,1,2.22,0,3.41,59,1
982,2021,0,20,2021,6,0,0,3,1,1,1,6,1,80,0,0,1,0,0,0,1.88,0,2.97,29,1
983,2018,1,20,2018,11,0,0,3,0,1,1,6,0,88,1,0,0,3,0,0,1.45,0,2.52,135,1
984,2020,1,25,2018,11,0,0,1,1,1,1,2,2,100,1,0,0,0,1,1,1.54,0,2.62,121,1
985,2022,1,20,2020,8,0,0,3,1,1,1,3,1,98,0,0,1,0,1,1,2.78,0,3.86,89,3
986,2020,1,21,2020,9,0,0,3,1,1,1,6,1,70,0,0,0,0,0,0,2.1,0,3.41,139,1
987,2021,1,24,2020,9,0,0,3,1,1,0,3,2,76,1,0,1,0,0,1,2.57,0,3.63,144,2
988,2019,0,19,2018,11,0,0,5,1,1,1,6,1,80,0,0,0,1,1,1,2.44,0,3.59,68,1
989,2021,1,23,2020,7,0,0,5,0,1,1,4,0,55,1,1,0,3,0,1,1.67,0,2.77,139,1
990,2021,0,21,2020,8,0,0,3,0,1,1,3,2,24,0,0,0,1,1,0,1.55,0,2.61,92,0
991,2020,0,20,2019,10,0,0,6,1,1,1,3,1,100,1,0,0,0,1,1,2.34,0,3.42,103,3
992,2021,1,20,2021,9,0,0,3,1,1,1,6,0,70,1,0,0,0,1,1,1.54,0,2.95,90,1
993,2020,1,21,2019,9,0,0,4,1,1,1,5,0,100,0,0,1,1,0,1,2.0,0,3.03,71,2
994,2019,0,21,2019,11,0,0,3,0,1,1,2,1,100,1,0,1,1,0,1,1.35,0,2.66,105,1
995,2020,0,20,2019,11,0,0,3,1,1,1,1,0,100,0,0,1,0,0,1,2.64,1,3.34,70,3
996,2022,0,22,2020,6,0,0,3,1,1,1,3,1,30,1,0,0,1,0,0,1.7,0,3.0,95,0
997,2020,0,22,2020,10,0,0,1,0,1,1,2,1,100,0,0,0,1,0,1,2.9,0,3.93,125,2
998,2022,0,21,2021,4,0,0,3,1,1,1,2,2,85,0,0,1,0,0,0,1.9,0,3.1,99,2
999,2019,1,22,2018,10,0,0,1,1,1,1,6,1,57,0,0,0,0,0,0,2.01,0,3.08,126,1
1000,2020,0,20,2019,10,1,0,5,1,1,1,4,2,90,0,0,1,0,0,1,2.33,0,3.89,104,3
1001,2021,1,20,2021,9,1,1,1,0,1,1,2,2,50,0,0,0,0,0,1,1.6,0,2.9,30,1
1002,2018,1,23,2016,8,1,1,3,0,1,1,6,1,89,0,0,0,0,0,1,2.67,0,3.4,140,1
1003,2020,1,21,2018,9,0,1,1,0,1,1,6,1,70,0,0,1,0,1,0,1.05,0,2.8,18,1
1004,2020,0,21,2019,11,0,1,4,1,1,0,5,2,95,1,0,1,1,1,0,1.47,0,2.54,88,1
1005,2021,1,23,2020,9,0,1,2,1,1,1,3,0,100,1,0,1,0,1,0,1.58,1,1.42,14,0
1006,2022,1,23,2022,3,0,1,4,1,1,1,3,0,100,0,0,0,0,1,0,2.45,0,2.39,40,0
1007,2020,1,19,2020,10,0,1,2,0,1,1,1,2,100,0,0,0,0,0,1,1.87,0,2.8,136,2
1008,2021,1,21,2021,6,0,1,7,0,1,1,3,1,89,0,0,0,0,0,1,2.33,0,3.47,128,3
1009,2022,1,24,2020,5,0,1,2,1,1,1,3,2,90,1,0,0,1,0,0,2.9,0,3.92,144,3
1010,2019,0,19,2018,11,0,1,3,1,1,1,5,2,100,1,0,0,0,0,0,1.78,0,2.63,97,1
1011,2021,0,21,2020,9,0,1,2,1,1,1,3,2,45,0,0,0,0,0,1,2.77,0,3.91,139,0
1012,2022,0,22,2021,5,0,1,4,1,1,1,3,2,100,0,0,0,1,0,1,1.98,0,3.03,111,2
1013,2022,1,23,2021,5,0,1,5,0,1,1,3,0,100,0,0,1,1,1,0,1.43,0,2.65,107,1
1014,2020,1,20,2019,11,1,1,2,1,1,1,2,2,43,0,0,0,0,0,1,2.77,0,3.96,129,0
1015,2020,0,20,2020,11,1,1,4,0,1,1,3,2,87,1,0,0,3,0,1,2.81,0,3.9,144,3
1016,2022,0,21,2021,5,0,1,3,0,1,1,6,1,88,0,0,0,1,0,0,2.1,0,3.2,137,1
1017,2021,0,25,2021,4,0,1,1,1,1,1,6,1,80,1,0,0,1,1,0,1.87,0,2.92,144,1
1018,2021,0,22,2018,6,1,1,2,1,1,1,1,1,100,0,0,1,0,1,1,2.58,0,3.74,39,3
1019,2019,0,22,2018,8,0,1,7,1,1,1,2,1,100,1,0,1,1,0,0,1.77,0,2.82,109,2
1020,2021,1,24,2020,6,0,1,6,1,1,1,6,1,100,1,0,1,0,0,1,2.16,0,3.33,143,1
1021,2020,0,23,2020,7,1,1,6,1,1,0,4,2,30,0,0,0,0,1,1,2.53,0,3.81,132,0
1022,2020,1,23,2020,10,0,1,1,1,1,1,2,2,87,0,0,1,1,0,1,2.75,0,3.64,18,2
1023,2022,0,20,2021,6,0,1,4,0,1,1,2,2,100,0,0,1,0,1,1,2.01,0,3.15,131,2
1024,2022,0,20,2021,5,1,1,3,0,1,1,2,1,100,0,0,1,0,1,1,2.77,0,3.8,129,3
1025,2022,0,22,2020,4,0,1,5,0,1,1,6,1,70,0,0,0,0,0,0,2.04,0,3.16,143,1
1026,2021,1,20,2020,6,1,1,4,0,1,1,6,1,100,0,0,1,0,0,1,2.01,0,3.13,101,1
1027,2022,0,20,2021,7,0,1,1,0,1,1,2,0,56,0,0,1,1,1,0,1.87,0,2.93,117,1
1028,2019,1,24,2019,10,1,1,5,1,1,1,2,2,91,0,0,0,3,1,1,2.02,0,3.11,134,2
1029,2020,1,21,2020,11,0,1,4,1,1,1,2,1,100,0,0,1,1,1,0,1.98,0,2.97,105,2
1030,2020,1,21,2019,9,0,1,3,0,1,1,6,2,100,0,0,0,0,1,1,2.56,0,3.79,132,1
1031,2020,1,23,2020,11,0,1,7,0,1,1,2,1,100,1,0,0,3,1,1,1.54,0,2.66,143,1
1032,2023,1,23,2022,2,0,1,3,1,1,1,5,1,100,0,0,0,0,1,0,1.56,0,2.65,143,1
1033,2019,0,20,2018,11,0,1,4,1,1,1,6,0,77,0,0,1,1,1,1,1.88,0,2.98,77,1
1034,2020,1,22,2019,7,0,1,3,1,1,0,6,1,86,0,0,0,0,0,0,2.76,0,3.8,136,1
1035,2019,0,20,2019,11,0,1,5,1,1,1,5,1,100,0,0,1,0,1,0,1.56,0,2.97,67,2
1036,2020,0,21,2020,11,0,1,3,0,1,1,3,1,100,1,0,0,1,1,0,1.24,0,2.35,137,0
1037,2022,0,21,2021,7,0,1,2,0,1,1,3,2,67,0,0,1,0,1,1,1.95,0,2.92,139,1
1038,2021,0,21,2021,10,0,1,2,1,1,1,1,2,100,1,0,0,3,1,1,1.65,0,2.7,139,1
1039,2019,0,24,2018,11,0,1,5,0,1,1,6,1,100,1,0,0,3,0,1,1.11,0,2.35,95,0
1040,2020,0,24,2019,8,0,1,3,1,1,1,6,1,80,0,0,0,0,0,0,1.71,0,2.82,118,1
1041,2020,1,23,2019,11,1,1,1,0,1,1,2,1,67,1,0,1,1,1,0,1.33,0,2.99,104,1
1042,2021,0,20,2021,7,0,1,3,1,1,0,5,1,100,1,0,1,1,1,0,2.56,0,3.63,106,2
1043,2021,1,22,2020,10,1,1,2,1,1,1,2,1,100,0,0,0,0,0,0,2.81,0,3.97,51,3
1044,2021,0,21,2021,9,1,1,3,1,1,1,2,2,100,0,0,0,1,0,0,2.73,0,3.81,135,3
1045,2020,0,19,2018,12,0,1,6,1,1,1,6,1,80,0,0,0,1,0,1,1.88,0,2.9,132,1
1046,2020,1,23,2019,9,1,1,1,0,1,1,5,0,100,0,0,0,0,1,1,2.33,0,3.68,43,2
1047,2021,1,24,2020,9,0,1,2,0,1,1,3,1,100,0,0,1,0,0,0,2.22,0,3.45,132,3
1048,2020,1,20,2020,11,0,1,1,1,1,1,3,2,100,0,0,0,0,0,0,1.45,0,2.53,117,1
1049,2021,0,20,2021,7,0,1,2,0,1,1,2,1,95,0,0,0,0,1,0,1.76,0,2.82,62,2
1050,2020,0,20,2020,11,1,1,4,1,1,1,2,1,100,0,0,1,0,1,1,2.66,0,3.79,58,3
1051,2020,0,25,2018,7,0,1,6,1,1,1,3,1,100,1,0,1,1,1,0,2.55,0,3.6,143,3
1052,2020,0,21,2020,11,0,1,2,1,1,1,1,1,100,0,0,1,3,0,1,2.71,0,3.78,143,3
1053,2019,0,20,2018,11,0,1,5,1,1,1,3,1,89,0,0,0,1,0,0,2.22,0,3.19,87,2
1054,2020,1,21,2019,10,0,1,2,0,1,1,3,1,79,1,1,0,1,1,0,1.95,0,2.88,43,2
1055,2022,0,22,2021,7,1,1,3,0,1,1,2,1,50,0,0,1,0,0,1,2.77,0,3.56,56,1
1056,2019,1,21,2018,11,1,1,2,1,1,1,4,2,100,0,0,0,0,1,0,2.75,0,3.93,125,3
1057,2019,0,21,2018,11,1,1,4,1,1,1,3,1,81,0,0,1,0,0,0,2.61,0,3.78,35,2
1058,2021,0,22,2020,10,0,1,3,0,1,1,1,2,100,1,0,1,1,0,1,1.35,0,2.65,105,1
1059,2022,1,20,2021,4,0,1,5,1,1,1,4,2,100,1,0,0,1,0,0,2.44,0,3.56,135,3
1060,2019,0,20,2019,11,0,1,6,1,1,1,2,2,100,0,0,1,1,1,0,1.56,0,2.64,78,1
1061,2019,0,20,2019,11,0,1,1,1,1,1,5,2,100,0,0,1,1,0,0,1.76,0,2.84,58,2
1062,2021,0,20,2019,6,0,1,1,1,1,1,6,1,90,0,0,1,1,1,1,1.9,0,3.13,89,1
1063,2020,1,21,2020,7,0,1,5,1,1,1,6,1,100,0,0,1,0,0,1,1.99,0,3.05,79,1
1064,2021,0,21,2020,8,0,1,4,1,1,1,4,1,65,1,0,0,1,0,1,2.43,0,3.55,107,1
1065,2022,0,23,2021,5,0,1,2,1,1,1,3,0,100,0,0,0,0,0,0,1.67,0,2.74,137,1
1066,2023,0,20,2021,2,1,1,4,1,1,1,3,1,100,1,0,0,3,0,1,2.78,0,3.83,143,3
1067,2022,1,22,2021,6,1,1,1,1,1,1,3,2,53,0,0,0,0,0,0,1.81,0,2.95,137,1
1068,2021,1,20,2020,9,1,1,2,1,1,1,3,2,100,0,0,0,0,1,1,2.91,0,3.97,139,3
1069,2019,1,19,2018,11,0,1,5,0,1,1,3,0,67,0,0,0,0,0,0,2.65,0,3.57,27,1
1070,2020,1,24,2019,10,0,1,2,0,1,1,6,1,100,0,0,1,0,0,1,2.23,0,3.65,145,1
1071,2022,0,21,2021,5,0,1,2,0,1,1,2,0,54,0,0,0,0,0,1,2.13,0,3.28,98,1
1072,2019,1,23,2018,11,1,1,3,1,1,1,3,1,87,0,0,1,0,1,1,2.66,0,3.85,145,3
1073,2022,0,20,2019,4,0,1,8,0,1,0,6,1,70,0,0,1,0,1,1,2.87,0,3.9,143,1
1074,2020,0,20,2019,9,0,1,3,0,1,1,3,1,56,0,0,1,1,1,0,2.65,0,3.75,95,1
1075,2021,0,22,2021,8,0,1,4,0,1,0,5,1,100,0,0,0,1,1,1,1.38,0,2.51,134,1
1076,2020,1,25,2018,9,1,1,3,0,1,0,3,1,68,0,0,1,3,0,1,2.19,0,3.45,103,1
1077,2021,0,20,2020,6,0,1,5,1,1,0,6,1,60,0,0,0,0,0,1,2.11,0,3.46,101,1
1078,2020,0,25,2020,10,0,1,2,1,1,1,3,0,55,1,0,0,3,1,1,1.78,0,2.8,143,1
1079,2020,0,19,2019,9,0,1,4,1,1,1,3,1,76,0,0,0,0,0,0,2.45,0,3.76,100,2
1080,2019,1,20,2018,11,0,1,6,1,1,1,3,1,90,1,0,0,0,1,1,2.67,0,3.7,132,3
1081,2020,1,21,2020,11,1,1,4,0,1,1,2,0,100,1,0,1,1,1,1,2.61,0,3.77,123,3
1082,2022,0,25,2021,6,1,1,3,0,1,1,2,1,63,0,0,1,3,0,1,1.61,0,2.81,133,1
1083,2022,1,23,2021,6,0,1,3,1,1,1,3,0,66,0,0,1,3,0,0,2.89,0,3.89,102,1
1084,2019,0,20,2019,11,0,1,2,1,1,1,3,0,100,1,0,0,3,1,1,1.68,0,2.71,101,1
1085,2022,1,20,2020,5,0,1,1,1,1,1,3,2,100,0,0,1,1,1,0,1.63,0,2.7,143,1
1086,2021,1,20,2019,7,0,1,2,1,1,1,6,2,80,0,0,1,1,0,1,1.56,0,2.64,97,1
1087,2022,1,20,2021,6,0,1,3,1,1,1,2,1,100,1,0,1,1,1,0,2.75,0,3.8,143,3
1088,2022,1,22,2021,5,1,1,3,1,1,0,1,2,100,0,0,0,0,0,1,2.56,0,3.95,115,3
1089,2022,0,22,2021,5,0,1,4,1,1,1,3,1,78,1,0,0,3,0,1,2.56,0,3.66,143,2
1090,2019,1,24,2018,11,0,1,5,1,1,1,5,1,100,1,0,0,0,1,0,1.76,0,2.89,143,2
1091,2021,1,23,2021,9,0,1,1,1,1,1,2,1,100,1,0,0,0,1,0,2.87,0,3.91,139,2
1092,2019,1,20,2018,11,0,1,5,1,1,1,3,0,35,0,0,0,1,1,0,1.56,0,2.63,88,0
1093,2021,1,21,2020,9,1,1,2,1,1,1,3,1,100,0,0,1,1,1,0,2.57,0,3.88,145,3
1094,2020,1,25,2020,11,0,1,2,0,1,1,3,2,87,0,0,0,0,1,1,1.5,0,2.63,143,1
1095,2021,0,20,2020,8,0,1,1,1,1,1,2,1,46,0,0,0,0,0,0,2.55,0,3.6,135,0
1096,2022,0,19,2020,8,1,1,4,1,1,1,4,2,100,0,0,1,0,1,1,2.56,0,3.89,29,3
1097,2021,1,24,2020,9,1,1,3,0,1,0,2,2,100,0,0,1,0,1,1,2.87,0,3.94,143,3
1098,2019,0,24,2018,11,0,0,5,1,1,0,3,2,100,0,0,1,0,1,0,2.48,0,3.78,144,3
1099,2018,1,24,2017,11,0,1,3,1,1,1,5,2,100,0,0,0,0,0,0,1.35,0,2.65,98,1
